SMILES,Molecule_Name,CYP2D6_is_TDI,CYP3A4_is_TDI
CCO,OADMET-00000,False,False
CCO,OADMET-00001,True,False
CCO,OADMET-00002,False,False
CCO,OADMET-00003,False,False
CCO,OADMET-00004,False,False
CCO,OADMET-00005,False,False
CCO,OADMET-00006,False,False
CCO,OADMET-00007,False,False
CCO,OADMET-00008,False,False
CCO,OADMET-00009,False,False
CCO,OADMET-00010,False,False
CCO,OADMET-00011,False,False
CCO,OADMET-00012,False,False
CCO,OADMET-00013,False,False
CCO,OADMET-00014,True,False
CCO,OADMET-00015,False,False
CCO,OADMET-00016,False,False
CCO,OADMET-00017,False,False
CCO,OADMET-00018,False,False
CCO,OADMET-00019,True,False
CCO,OADMET-00020,False,False
CCO,OADMET-00021,False,False
CCO,OADMET-00022,True,False
CCO,OADMET-00023,False,False
CCO,OADMET-00024,True,False
CCO,OADMET-00025,False,False
CCO,OADMET-00026,False,False
CCO,OADMET-00027,False,False
CCO,OADMET-00028,False,False
CCO,OADMET-00029,False,False
CCO,OADMET-00030,False,False
CCO,OADMET-00031,False,False
CCO,OADMET-00032,True,False
CCO,OADMET-00033,False,False
CCO,OADMET-00034,False,False
CCO,OADMET-00035,False,False
CCO,OADMET-00036,False,False
CCO,OADMET-00037,False,False
CCO,OADMET-00038,False,False
CCO,OADMET-00039,True,True
CCO,OADMET-00040,False,False
CCO,OADMET-00041,True,False
CCO,OADMET-00042,False,False
CCO,OADMET-00043,False,False
CCO,OADMET-00044,False,False
CCO,OADMET-00045,False,False
CCO,OADMET-00046,True,False
CCO,OADMET-00047,False,False
CCO,OADMET-00048,False,False
CCO,OADMET-00049,False,True
CCO,OADMET-00050,False,False
CCO,OADMET-00051,True,False
CCO,OADMET-00052,False,False
CCO,OADMET-00053,False,False
CCO,OADMET-00054,False,False
CCO,OADMET-00055,False,False
CCO,OADMET-00056,False,False
CCO,OADMET-00057,True,True
CCO,OADMET-00058,False,False
CCO,OADMET-00059,False,False
CCO,OADMET-00060,False,False
CCO,OADMET-00061,False,False
CCO,OADMET-00062,False,False
CCO,OADMET-00063,False,False
CCO,OADMET-00064,False,False
CCO,OADMET-00065,False,False
CCO,OADMET-00066,False,False
CCO,OADMET-00067,False,False
CCO,OADMET-00068,False,True
CCO,OADMET-00069,False,False
CCO,OADMET-00070,True,True
CCO,OADMET-00071,False,True
CCO,OADMET-00072,False,True
CCO,OADMET-00073,False,False
CCO,OADMET-00074,False,False
CCO,OADMET-00075,False,False
CCO,OADMET-00076,False,False
CCO,OADMET-00077,False,False
CCO,OADMET-00078,True,False
CCO,OADMET-00079,False,False
CCO,OADMET-00080,False,True
CCO,OADMET-00081,False,True
CCO,OADMET-00082,False,False
CCO,OADMET-00083,False,False
CCO,OADMET-00084,True,True
CCO,OADMET-00085,False,False
CCO,OADMET-00086,True,True
CCO,OADMET-00087,False,True
CCO,OADMET-00088,False,False
CCO,OADMET-00089,False,False
CCO,OADMET-00090,False,False
CCO,OADMET-00091,False,False
CCO,OADMET-00092,False,False
CCO,OADMET-00093,False,False
CCO,OADMET-00094,False,False
CCO,OADMET-00095,False,False
CCO,OADMET-00096,False,False
CCO,OADMET-00097,False,False
CCO,OADMET-00098,False,False
CCO,OADMET-00099,False,False
CCO,OADMET-00100,False,False
CCO,OADMET-00101,False,False
CCO,OADMET-00102,False,False
CCO,OADMET-00103,False,True
CCO,OADMET-00104,False,False
CCO,OADMET-00105,True,False
CCO,OADMET-00106,False,False
CCO,OADMET-00107,False,False
CCO,OADMET-00108,False,False
CCO,OADMET-00109,False,False
CCO,OADMET-00110,False,False
CCO,OADMET-00111,False,False
CCO,OADMET-00112,False,False
CCO,OADMET-00113,False,False
CCO,OADMET-00114,True,False
CCO,OADMET-00115,False,False
CCO,OADMET-00116,False,False
CCO,OADMET-00117,False,False
CCO,OADMET-00118,False,False
CCO,OADMET-00119,False,False
CCO,OADMET-00120,False,False
CCO,OADMET-00121,False,True
CCO,OADMET-00122,False,False
CCO,OADMET-00123,True,False
CCO,OADMET-00124,False,False
CCO,OADMET-00125,False,True
CCO,OADMET-00126,False,False
CCO,OADMET-00127,False,False
CCO,OADMET-00128,False,False
CCO,OADMET-00129,True,False
CCO,OADMET-00130,False,False
CCO,OADMET-00131,False,False
CCO,OADMET-00132,False,False
CCO,OADMET-00133,False,False
CCO,OADMET-00134,False,False
CCO,OADMET-00135,False,False
CCO,OADMET-00136,True,False
CCO,OADMET-00137,False,False
CCO,OADMET-00138,False,False
CCO,OADMET-00139,False,False
CCO,OADMET-00140,False,False
CCO,OADMET-00141,False,False
CCO,OADMET-00142,False,False
CCO,OADMET-00143,False,False
CCO,OADMET-00144,False,False
CCO,OADMET-00145,False,False
CCO,OADMET-00146,False,False
CCO,OADMET-00147,True,False
CCO,OADMET-00148,True,False
CCO,OADMET-00149,False,False
CCO,OADMET-00150,False,False
CCO,OADMET-00151,False,True
CCO,OADMET-00152,False,True
CCO,OADMET-00153,False,False
CCO,OADMET-00154,False,False
CCO,OADMET-00155,False,False
CCO,OADMET-00156,False,False
CCO,OADMET-00157,False,False
CCO,OADMET-00158,False,False
CCO,OADMET-00159,False,False
CCO,OADMET-00160,False,False
CCO,OADMET-00161,False,False
CCO,OADMET-00162,False,False
CCO,OADMET-00163,True,True
CCO,OADMET-00164,False,False
CCO,OADMET-00165,False,False
CCO,OADMET-00166,False,False
CCO,OADMET-00167,True,False
CCO,OADMET-00168,False,False
CCO,OADMET-00169,False,False
CCO,OADMET-00170,False,False
CCO,OADMET-00171,False,False
CCO,OADMET-00172,False,False
CCO,OADMET-00173,False,False
CCO,OADMET-00174,False,False
CCO,OADMET-00175,False,False
CCO,OADMET-00176,False,False
CCO,OADMET-00177,True,False
CCO,OADMET-00178,True,False
CCO,OADMET-00179,False,False
CCO,OADMET-00180,False,False
CCO,OADMET-00181,False,False
CCO,OADMET-00182,False,False
CCO,OADMET-00183,False,False
CCO,OADMET-00184,True,False
CCO,OADMET-00185,True,False
CCO,OADMET-00186,False,True
CCO,OADMET-00187,False,False
CCO,OADMET-00188,False,False
CCO,OADMET-00189,False,False
CCO,OADMET-00190,True,False
CCO,OADMET-00191,False,True
CCO,OADMET-00192,False,False
CCO,OADMET-00193,True,False
CCO,OADMET-00194,False,False
CCO,OADMET-00195,True,False
CCO,OADMET-00196,True,False
CCO,OADMET-00197,False,True
CCO,OADMET-00198,False,False
CCO,OADMET-00199,True,False
CCO,OADMET-00200,False,False
CCO,OADMET-00201,False,False
CCO,OADMET-00202,False,False
CCO,OADMET-00203,False,False
CCO,OADMET-00204,False,False
CCO,OADMET-00205,False,False
CCO,OADMET-00206,False,False
CCO,OADMET-00207,False,False
CCO,OADMET-00208,False,False
CCO,OADMET-00209,False,False
CCO,OADMET-00210,True,False
CCO,OADMET-00211,True,False
CCO,OADMET-00212,False,False
CCO,OADMET-00213,False,False
CCO,OADMET-00214,False,False
CCO,OADMET-00215,False,False
CCO,OADMET-00216,False,True
CCO,OADMET-00217,False,False
CCO,OADMET-00218,True,False
CCO,OADMET-00219,False,False
CCO,OADMET-00220,False,False
CCO,OADMET-00221,False,False
CCO,OADMET-00222,False,True
CCO,OADMET-00223,False,False
CCO,OADMET-00224,True,False
CCO,OADMET-00225,False,False
CCO,OADMET-00226,False,False
CCO,OADMET-00227,False,False
CCO,OADMET-00228,False,False
CCO,OADMET-00229,True,False
CCO,OADMET-00230,False,False
CCO,OADMET-00231,False,False
CCO,OADMET-00232,False,False
CCO,OADMET-00233,False,False
CCO,OADMET-00234,False,False
CCO,OADMET-00235,False,False
CCO,OADMET-00236,False,False
CCO,OADMET-00237,False,False
CCO,OADMET-00238,False,False
CCO,OADMET-00239,False,False
CCO,OADMET-00240,True,False
CCO,OADMET-00241,False,True
CCO,OADMET-00242,False,False
CCO,OADMET-00243,False,False
CCO,OADMET-00244,False,False
CCO,OADMET-00245,False,False
CCO,OADMET-00246,False,False
CCO,OADMET-00247,False,False
CCO,OADMET-00248,False,False
CCO,OADMET-00249,False,False
CCO,OADMET-00250,False,False
CCO,OADMET-00251,True,False
CCO,OADMET-00252,True,False
CCO,OADMET-00253,False,False
CCO,OADMET-00254,False,False
CCO,OADMET-00255,False,False
CCO,OADMET-00256,False,False
CCO,OADMET-00257,False,False
CCO,OADMET-00258,False,False
CCO,OADMET-00259,False,False
CCO,OADMET-00260,False,False
CCO,OADMET-00261,False,False
CCO,OADMET-00262,False,False
CCO,OADMET-00263,False,False
CCO,OADMET-00264,False,False
CCO,OADMET-00265,False,False
CCO,OADMET-00266,False,False
CCO,OADMET-00267,True,False
CCO,OADMET-00268,False,False
CCO,OADMET-00269,False,False
CCO,OADMET-00270,False,False
CCO,OADMET-00271,False,False
CCO,OADMET-00272,False,True
CCO,OADMET-00273,False,True
CCO,OADMET-00274,False,False
CCO,OADMET-00275,False,False
CCO,OADMET-00276,False,False
CCO,OADMET-00277,False,False
CCO,OADMET-00278,False,False
CCO,OADMET-00279,True,True
CCO,OADMET-00280,False,False
CCO,OADMET-00281,False,False
CCO,OADMET-00282,False,True
CCO,OADMET-00283,False,False
CCO,OADMET-00284,False,True
CCO,OADMET-00285,False,False
CCO,OADMET-00286,True,False
CCO,OADMET-00287,False,False
CCO,OADMET-00288,False,True
CCO,OADMET-00289,False,False
CCO,OADMET-00290,False,False
CCO,OADMET-00291,False,False
CCO,OADMET-00292,False,False
CCO,OADMET-00293,False,False
CCO,OADMET-00294,False,False
CCO,OADMET-00295,False,False
CCO,OADMET-00296,False,False
CCO,OADMET-00297,False,False
CCO,OADMET-00298,False,True
CCO,OADMET-00299,False,False
CCO,OADMET-00300,False,False
CCO,OADMET-00301,False,False
CCO,OADMET-00302,False,False
CCO,OADMET-00303,False,True
CCO,OADMET-00304,False,False
CCO,OADMET-00305,False,False
CCO,OADMET-00306,False,False
CCO,OADMET-00307,False,False
CCO,OADMET-00308,False,False
CCO,OADMET-00309,False,False
CCO,OADMET-00310,False,False
CCO,OADMET-00311,False,False
CCO,OADMET-00312,False,False
CCO,OADMET-00313,False,False
CCO,OADMET-00314,True,False
CCO,OADMET-00315,False,False
CCO,OADMET-00316,True,False
CCO,OADMET-00317,False,False
CCO,OADMET-00318,False,False
CCO,OADMET-00319,False,False
CCO,OADMET-00320,False,False
CCO,OADMET-00321,False,False
CCO,OADMET-00322,False,False
CCO,OADMET-00323,False,False
CCO,OADMET-00324,False,True
CCO,OADMET-00325,False,False
CCO,OADMET-00326,True,True
CCO,OADMET-00327,False,False
CCO,OADMET-00328,False,False
CCO,OADMET-00329,False,False
CCO,OADMET-00330,True,True
CCO,OADMET-00331,False,False
CCO,OADMET-00332,False,False
CCO,OADMET-00333,False,False
CCO,OADMET-00334,False,False
CCO,OADMET-00335,False,False
CCO,OADMET-00336,True,False
CCO,OADMET-00337,False,False
CCO,OADMET-00338,False,False
CCO,OADMET-00339,True,True
CCO,OADMET-00340,False,False
CCO,OADMET-00341,False,False
CCO,OADMET-00342,True,False
CCO,OADMET-00343,False,True
CCO,OADMET-00344,False,False
CCO,OADMET-00345,False,False
CCO,OADMET-00346,False,False
CCO,OADMET-00347,False,False
CCO,OADMET-00348,False,False
CCO,OADMET-00349,False,False
CCO,OADMET-00350,False,False
CCO,OADMET-00351,False,False
CCO,OADMET-00352,False,False
CCO,OADMET-00353,False,False
CCO,OADMET-00354,False,False
CCO,OADMET-00355,False,True
CCO,OADMET-00356,False,False
CCO,OADMET-00357,False,False
CCO,OADMET-00358,False,False
CCO,OADMET-00359,False,False
CCO,OADMET-00360,True,True
CCO,OADMET-00361,False,False
CCO,OADMET-00362,True,False
CCO,OADMET-00363,False,False
CCO,OADMET-00364,False,False
CCO,OADMET-00365,False,False
CCO,OADMET-00366,False,False
CCO,OADMET-00367,True,False
CCO,OADMET-00368,False,True
CCO,OADMET-00369,False,False
CCO,OADMET-00370,False,True
CCO,OADMET-00371,True,False
CCO,OADMET-00372,True,False
CCO,OADMET-00373,False,False
CCO,OADMET-00374,False,False
CCO,OADMET-00375,False,False
CCO,OADMET-00376,True,False
CCO,OADMET-00377,False,False
CCO,OADMET-00378,False,True
CCO,OADMET-00379,False,False
CCO,OADMET-00380,False,False
CCO,OADMET-00381,True,False
CCO,OADMET-00382,False,False
CCO,OADMET-00383,False,False
CCO,OADMET-00384,False,True
CCO,OADMET-00385,False,False
CCO,OADMET-00386,True,False
CCO,OADMET-00387,False,False
CCO,OADMET-00388,False,False
CCO,OADMET-00389,False,False
CCO,OADMET-00390,False,False
CCO,OADMET-00391,False,True
CCO,OADMET-00392,False,False
CCO,OADMET-00393,False,False
CCO,OADMET-00394,False,False
CCO,OADMET-00395,False,False
CCO,OADMET-00396,False,True
CCO,OADMET-00397,False,False
CCO,OADMET-00398,False,False
CCO,OADMET-00399,False,False
CCO,OADMET-00400,False,False
CCO,OADMET-00401,False,False
CCO,OADMET-00402,False,False
CCO,OADMET-00403,False,False
CCO,OADMET-00404,False,False
CCO,OADMET-00405,False,False
CCO,OADMET-00406,False,False
CCO,OADMET-00407,False,True
CCO,OADMET-00408,False,True
CCO,OADMET-00409,False,False
CCO,OADMET-00410,False,False
CCO,OADMET-00411,False,False
CCO,OADMET-00412,False,False
CCO,OADMET-00413,False,False
CCO,OADMET-00414,False,False
CCO,OADMET-00415,False,False
CCO,OADMET-00416,False,False
CCO,OADMET-00417,False,False
CCO,OADMET-00418,False,False
CCO,OADMET-00419,False,False
CCO,OADMET-00420,False,False
CCO,OADMET-00421,False,False
CCO,OADMET-00422,True,False
CCO,OADMET-00423,False,False
CCO,OADMET-00424,False,False
CCO,OADMET-00425,False,False
CCO,OADMET-00426,False,False
CCO,OADMET-00427,True,False
CCO,OADMET-00428,False,False
CCO,OADMET-00429,False,False
CCO,OADMET-00430,False,False
CCO,OADMET-00431,False,False
CCO,OADMET-00432,False,True
CCO,OADMET-00433,False,False
CCO,OADMET-00434,False,False
CCO,OADMET-00435,False,True
CCO,OADMET-00436,False,False
CCO,OADMET-00437,True,False
CCO,OADMET-00438,False,False
CCO,OADMET-00439,False,False
CCO,OADMET-00440,False,False
CCO,OADMET-00441,False,False
CCO,OADMET-00442,False,False
CCO,OADMET-00443,False,False
CCO,OADMET-00444,False,False
CCO,OADMET-00445,False,True
CCO,OADMET-00446,False,False
CCO,OADMET-00447,False,False
CCO,OADMET-00448,True,False
CCO,OADMET-00449,False,False
CCO,OADMET-00450,False,False
CCO,OADMET-00451,False,False
CCO,OADMET-00452,False,False
CCO,OADMET-00453,False,False
CCO,OADMET-00454,False,False
CCO,OADMET-00455,False,False
CCO,OADMET-00456,False,True
CCO,OADMET-00457,False,False
CCO,OADMET-00458,True,False
CCO,OADMET-00459,True,False
CCO,OADMET-00460,False,False
CCO,OADMET-00461,False,True
CCO,OADMET-00462,False,False
CCO,OADMET-00463,False,False
CCO,OADMET-00464,True,False
CCO,OADMET-00465,True,False
CCO,OADMET-00466,False,False
CCO,OADMET-00467,False,True
CCO,OADMET-00468,True,False
CCO,OADMET-00469,True,False
CCO,OADMET-00470,False,False
CCO,OADMET-00471,False,False
CCO,OADMET-00472,False,False
CCO,OADMET-00473,False,False
CCO,OADMET-00474,False,False
CCO,OADMET-00475,False,False
CCO,OADMET-00476,False,False
CCO,OADMET-00477,False,False
CCO,OADMET-00478,False,True
CCO,OADMET-00479,False,True
CCO,OADMET-00480,False,False
CCO,OADMET-00481,False,False
CCO,OADMET-00482,False,False
CCO,OADMET-00483,False,True
CCO,OADMET-00484,False,False
CCO,OADMET-00485,True,True
CCO,OADMET-00486,False,False
CCO,OADMET-00487,False,False
CCO,OADMET-00488,False,False
CCO,OADMET-00489,False,False
CCO,OADMET-00490,False,False
CCO,OADMET-00491,False,True
CCO,OADMET-00492,False,False
CCO,OADMET-00493,False,False
CCO,OADMET-00494,False,True
CCO,OADMET-00495,False,False
CCO,OADMET-00496,False,False
CCO,OADMET-00497,False,False
CCO,OADMET-00498,False,True
CCO,OADMET-00499,False,False
CCO,OADMET-00500,False,False
CCO,OADMET-00501,False,False
CCO,OADMET-00502,False,False
CCO,OADMET-00503,False,False
CCO,OADMET-00504,False,False
CCO,OADMET-00505,False,True
CCO,OADMET-00506,False,False
CCO,OADMET-00507,False,False
CCO,OADMET-00508,False,False
CCO,OADMET-00509,False,False
CCO,OADMET-00510,False,True
CCO,OADMET-00511,False,False
CCO,OADMET-00512,True,True
CCO,OADMET-00513,False,False
CCO,OADMET-00514,False,False
CCO,OADMET-00515,False,False
CCO,OADMET-00516,False,False
CCO,OADMET-00517,False,True
CCO,OADMET-00518,False,False
CCO,OADMET-00519,False,False
CCO,OADMET-00520,False,False
CCO,OADMET-00521,False,True
CCO,OADMET-00522,False,False
CCO,OADMET-00523,False,False
CCO,OADMET-00524,False,False
CCO,OADMET-00525,False,False
CCO,OADMET-00526,False,False
CCO,OADMET-00527,True,False
CCO,OADMET-00528,False,False
CCO,OADMET-00529,False,False
CCO,OADMET-00530,False,False
CCO,OADMET-00531,False,False
CCO,OADMET-00532,False,False
CCO,OADMET-00533,False,False
CCO,OADMET-00534,True,False
CCO,OADMET-00535,False,False
CCO,OADMET-00536,False,False
CCO,OADMET-00537,False,False
CCO,OADMET-00538,False,False
CCO,OADMET-00539,False,False
CCO,OADMET-00540,False,True
CCO,OADMET-00541,False,False
CCO,OADMET-00542,False,False
CCO,OADMET-00543,False,False
CCO,OADMET-00544,False,False
CCO,OADMET-00545,False,False
CCO,OADMET-00546,False,False
CCO,OADMET-00547,False,False
CCO,OADMET-00548,False,False
CCO,OADMET-00549,False,False
CCO,OADMET-00550,False,False
CCO,OADMET-00551,False,False
CCO,OADMET-00552,False,False
CCO,OADMET-00553,True,False
CCO,OADMET-00554,False,False
CCO,OADMET-00555,False,True
CCO,OADMET-00556,False,False
CCO,OADMET-00557,True,False
CCO,OADMET-00558,True,False
CCO,OADMET-00559,False,False
CCO,OADMET-00560,False,False
CCO,OADMET-00561,False,False
CCO,OADMET-00562,False,False
CCO,OADMET-00563,False,False
CCO,OADMET-00564,True,False
CCO,OADMET-00565,True,False
CCO,OADMET-00566,False,False
CCO,OADMET-00567,False,False
CCO,OADMET-00568,False,False
CCO,OADMET-00569,False,False
CCO,OADMET-00570,False,False
CCO,OADMET-00571,False,False
CCO,OADMET-00572,False,True
CCO,OADMET-00573,True,False
CCO,OADMET-00574,False,False
CCO,OADMET-00575,False,False
CCO,OADMET-00576,False,False
CCO,OADMET-00577,False,False
CCO,OADMET-00578,False,False
CCO,OADMET-00579,True,False
CCO,OADMET-00580,False,False
CCO,OADMET-00581,False,False
CCO,OADMET-00582,False,False
CCO,OADMET-00583,False,False
CCO,OADMET-00584,False,False
CCO,OADMET-00585,False,False
CCO,OADMET-00586,False,False
CCO,OADMET-00587,False,False
CCO,OADMET-00588,False,False
CCO,OADMET-00589,False,False
CCO,OADMET-00590,False,False
CCO,OADMET-00591,True,False
CCO,OADMET-00592,False,False
CCO,OADMET-00593,False,False
CCO,OADMET-00594,False,False
CCO,OADMET-00595,True,False
CCO,OADMET-00596,False,False
CCO,OADMET-00597,False,False
CCO,OADMET-00598,False,False
CCO,OADMET-00599,False,False
CCO,OADMET-00600,False,False
CCO,OADMET-00601,False,False
CCO,OADMET-00602,False,False
CCO,OADMET-00603,False,False
CCO,OADMET-00604,False,False
CCO,OADMET-00605,False,False
CCO,OADMET-00606,True,False
CCO,OADMET-00607,False,False
CCO,OADMET-00608,False,False
CCO,OADMET-00609,True,False
CCO,OADMET-00610,False,False
CCO,OADMET-00611,False,True
CCO,OADMET-00612,False,False
CCO,OADMET-00613,False,True
CCO,OADMET-00614,False,True
CCO,OADMET-00615,False,False
CCO,OADMET-00616,False,False
CCO,OADMET-00617,False,False
CCO,OADMET-00618,True,False
CCO,OADMET-00619,False,False
CCO,OADMET-00620,True,False
CCO,OADMET-00621,False,False
CCO,OADMET-00622,True,False
CCO,OADMET-00623,True,False
CCO,OADMET-00624,True,False
CCO,OADMET-00625,False,False
CCO,OADMET-00626,True,False
CCO,OADMET-00627,False,False
CCO,OADMET-00628,False,True
CCO,OADMET-00629,False,False
CCO,OADMET-00630,False,False
CCO,OADMET-00631,False,False
CCO,OADMET-00632,False,False
CCO,OADMET-00633,False,False
CCO,OADMET-00634,False,False
CCO,OADMET-00635,False,False
CCO,OADMET-00636,False,False
CCO,OADMET-00637,False,False
CCO,OADMET-00638,False,False
CCO,OADMET-00639,False,False
CCO,OADMET-00640,False,False
CCO,OADMET-00641,True,False
CCO,OADMET-00642,False,False
CCO,OADMET-00643,False,False
CCO,OADMET-00644,False,False
CCO,OADMET-00645,False,False
CCO,OADMET-00646,False,True
CCO,OADMET-00647,False,False
CCO,OADMET-00648,False,False
CCO,OADMET-00649,True,True
CCO,OADMET-00650,False,False
CCO,OADMET-00651,False,False
CCO,OADMET-00652,False,True
CCO,OADMET-00653,False,False
CCO,OADMET-00654,False,False
CCO,OADMET-00655,False,False
CCO,OADMET-00656,False,False
CCO,OADMET-00657,False,False
CCO,OADMET-00658,False,False
CCO,OADMET-00659,False,False
CCO,OADMET-00660,True,False
CCO,OADMET-00661,False,False
CCO,OADMET-00662,False,False
CCO,OADMET-00663,False,False
CCO,OADMET-00664,True,True
CCO,OADMET-00665,False,False
CCO,OADMET-00666,False,False
CCO,OADMET-00667,False,False
CCO,OADMET-00668,False,False
CCO,OADMET-00669,False,True
CCO,OADMET-00670,False,False
CCO,OADMET-00671,False,False
CCO,OADMET-00672,False,False
CCO,OADMET-00673,False,False
CCO,OADMET-00674,True,False
CCO,OADMET-00675,False,False
CCO,OADMET-00676,True,True
CCO,OADMET-00677,False,False
CCO,OADMET-00678,False,False
CCO,OADMET-00679,False,False
CCO,OADMET-00680,False,False
CCO,OADMET-00681,False,False
CCO,OADMET-00682,False,False
CCO,OADMET-00683,False,True
CCO,OADMET-00684,False,False
CCO,OADMET-00685,False,False
CCO,OADMET-00686,False,False
CCO,OADMET-00687,False,False
CCO,OADMET-00688,False,False
CCO,OADMET-00689,False,False
CCO,OADMET-00690,False,False
CCO,OADMET-00691,True,False
CCO,OADMET-00692,False,True
CCO,OADMET-00693,False,False
CCO,OADMET-00694,False,False
CCO,OADMET-00695,True,False
CCO,OADMET-00696,False,False
CCO,OADMET-00697,False,False
CCO,OADMET-00698,False,False
CCO,OADMET-00699,False,True
CCO,OADMET-00700,True,False
CCO,OADMET-00701,True,False
CCO,OADMET-00702,False,False
CCO,OADMET-00703,False,False
CCO,OADMET-00704,False,True
CCO,OADMET-00705,False,False
CCO,OADMET-00706,False,False
CCO,OADMET-00707,True,False
CCO,OADMET-00708,False,False
CCO,OADMET-00709,False,False
CCO,OADMET-00710,False,False
CCO,OADMET-00711,False,True
CCO,OADMET-00712,False,True
CCO,OADMET-00713,False,False
CCO,OADMET-00714,False,False
CCO,OADMET-00715,False,False
CCO,OADMET-00716,False,False
CCO,OADMET-00717,False,False
CCO,OADMET-00718,True,False
CCO,OADMET-00719,False,False
CCO,OADMET-00720,False,False
CCO,OADMET-00721,False,False
CCO,OADMET-00722,False,True
CCO,OADMET-00723,False,False
CCO,OADMET-00724,False,False
CCO,OADMET-00725,False,False
CCO,OADMET-00726,False,False
CCO,OADMET-00727,False,False
CCO,OADMET-00728,False,False
CCO,OADMET-00729,False,False
CCO,OADMET-00730,True,False
CCO,OADMET-00731,False,False
CCO,OADMET-00732,False,False
CCO,OADMET-00733,False,False
CCO,OADMET-00734,False,False
CCO,OADMET-00735,False,False
CCO,OADMET-00736,False,False
CCO,OADMET-00737,False,False
CCO,OADMET-00738,False,False
CCO,OADMET-00739,False,False
CCO,OADMET-00740,False,False
CCO,OADMET-00741,False,False
CCO,OADMET-00742,False,False
CCO,OADMET-00743,False,False
CCO,OADMET-00744,False,False
CCO,OADMET-00745,False,False
CCO,OADMET-00746,True,False
CCO,OADMET-00747,False,True
CCO,OADMET-00748,False,False
CCO,OADMET-00749,False,False
