Rank,Username,Submitted,Model Report Link,Significance (tiers),MA-MCC,MA-Accuracy,MA-Precision,MA-Recall,MA-F1 Score,Proprietary Data,Open Code
1,nova,2026-09-22 20:49 UTC,Not submitted,Tier 1,0.398,0.8552,0.5599,0.4389,0.4869,No,No
2,CYPblend,2026-09-24 06:06 UTC,Not submitted,Tier 1,0.3888,0.8387,0.4531,0.5471,0.4847,No,No
3,jeremy,2026-09-04 12:10 UTC,"<a target=""_blank"" href=""https://github.com/jeremycheminf/openadmet_scripts/tree/main/CYP_Challenge"" style=""color: var(--link-text-color); text-decoration: underline;text-decoration-style: dotted;"">link</a>",Tier 1,0.3868,0.8451,0.4837,0.4983,0.4878,No,Yes
4,TeamPozeSCAF,2026-09-24 10:36 UTC,Not submitted,Tier 1,0.3847,0.8544,0.5635,0.4023,0.4673,No,No
5,"<a target=""_blank"" href=""https://huggingface.co/N283T"" style=""color: var(--link-text-color); text-decoration: underline;text-decoration-style: dotted;"">N283T</a>",2026-09-24 06:24 UTC,Not submitted,Tier 1,0.3798,0.8478,0.4635,0.5036,0.4813,No,No
6,stir_bar,2026-09-24 11:23 UTC,"<a target=""_blank"" href=""https://github.com/lachrymator/openadmet-cyp-challenge-public"" style=""color: var(--link-text-color); text-decoration: underline;text-decoration-style: dotted;"">link</a>",Tier 1,0.3796,0.8397,0.4442,0.5423,0.4842,No,No
7,"<a target=""_blank"" href=""https://huggingface.co/harinu123"" style=""color: var(--link-text-color); text-decoration: underline;text-decoration-style: dotted;"">harinu123</a>",2026-09-09 20:45 UTC,Not submitted,Tier 1,0.3767,0.8464,0.475,0.4846,0.4776,No,No
8,ADI,2026-09-24 11:46 UTC,Not submitted,Tier 1,0.3732,0.8505,0.5029,0.4438,0.4698,No,No
9,"<a target=""_blank"" href=""https://huggingface.co/Asidsal11"" style=""color: var(--link-text-color); text-decoration: underline;text-decoration-style: dotted;"">Asidsal11</a>",2026-09-24 18:20 UTC,Not submitted,Tier 1,0.3729,0.8591,0.7103,0.3349,0.4109,No,No
10,"<a target=""_blank"" href=""https://huggingface.co/TeamPrescience"" style=""color: var(--link-text-color); text-decoration: underline;text-decoration-style: dotted;"">TeamPrescience</a>",2026-09-24 13:45 UTC,Not submitted,Tier 1,0.3714,0.8502,0.5104,0.4391,0.4681,No,No
11,preheat-to-450,2026-09-24 23:54 UTC,Not submitted,Tier 1,0.3653,0.8357,0.4414,0.5155,0.4731,No,No
12,lex,2026-09-23 09:27 UTC,Not submitted,Tier 1,0.3622,0.8409,0.4952,0.4348,0.4517,No,No
13,"<a target=""_blank"" href=""https://huggingface.co/PIPL-Bio"" style=""color: var(--link-text-color); text-decoration: underline;text-decoration-style: dotted;"">PIPL-Bio</a>",2026-09-13 10:04 UTC,Not submitted,Tier 1,0.3609,0.8389,0.4587,0.4912,0.4691,No,No
14,EleanorRigby,2026-09-24 13:31 UTC,Not submitted,Tier 1,0.3607,0.8362,0.4231,0.5344,0.4588,No,No
15,newcyp,2026-09-22 07:48 UTC,Not submitted,Tier 1,0.3558,0.8162,0.4257,0.5455,0.4639,No,No
16,NIPERKOLKATA_PI_LAB,2026-09-24 10:34 UTC,Not submitted,Tier 1,0.3553,0.8364,0.4557,0.4742,0.46,No,No
17,NorthCoil,2026-09-21 15:28 UTC,Not submitted,Tier 1,0.3553,0.8113,0.4037,0.5803,0.4732,No,No
18,C_CYPher-graphattn-B2regaux,2026-09-14 12:45 UTC,Not submitted,Tier 1,0.3543,0.8065,0.4121,0.5731,0.4538,No,No
19,curiousone,2026-09-23 20:59 UTC,Not submitted,Tier 1,0.3533,0.8349,0.4565,0.4719,0.4603,No,No
20,horse-pusher,2026-09-23 03:40 UTC,Not submitted,Tier 1,0.3522,0.8337,0.4557,0.4728,0.4608,No,No
21,yourchoice,2026-09-22 07:02 UTC,Not submitted,Tier 1,0.3468,0.8246,0.4349,0.4993,0.4587,No,No
22,450nm,2026-09-13 14:30 UTC,"<a target=""_blank"" href=""https://openadmet-cyp-dashboard.vercel.app/operating_dashboard"" style=""color: var(--link-text-color); text-decoration: underline;text-decoration-style: dotted;"">link</a>",Tier 1,0.3457,0.8376,0.4864,0.414,0.4377,No,No
23,Tutu,2026-09-24 16:59 UTC,Not submitted,Tier 1,0.3451,0.8173,0.396,0.5541,0.4593,No,No
24,furtivepeony,2026-09-23 18:07 UTC,Not submitted,Tier 1,0.3443,0.828,0.4444,0.4795,0.459,No,No
25,"<a target=""_blank"" href=""https://huggingface.co/srijitseal"" style=""color: var(--link-text-color); text-decoration: underline;text-decoration-style: dotted;"">srijitseal</a>",2026-09-08 16:05 UTC,Not submitted,Tier 1,0.3437,0.7773,0.3544,0.6587,0.4494,No,No
26,aries,2026-09-22 01:46 UTC,Not submitted,Tier 1,0.3406,0.84,0.4791,0.4186,0.4447,No,No
27,Captain CYP,2026-09-24 16:50 UTC,Not submitted,Tier 2,0.3404,0.8145,0.4428,0.5106,0.4641,No,No
28,CYP-PI,2026-09-24 10:53 UTC,Not submitted,Tier 2,0.3396,0.8398,0.4491,0.4418,0.4422,No,No
29,Autopilot (fully autonomous agent entry),2026-09-16 02:01 UTC,Not submitted,Tier 2,0.3365,0.7769,0.3437,0.6521,0.449,No,No
30,z,2026-09-24 12:40 UTC,Not submitted,Tier 2,0.3359,0.8045,0.3824,0.5681,0.4471,No,No
31,Cheminfo,2026-09-23 20:15 UTC,Not submitted,Tier 2,0.3335,0.8116,0.41,0.5209,0.4471,No,No
32,Gashaw,2026-09-14 23:59 UTC,Not submitted,Tier 2,0.3312,0.8344,0.4664,0.4094,0.4212,No,No
33,niperkolkata,2026-09-24 09:19 UTC,Not submitted,Tier 2,0.3287,0.7687,0.3437,0.6578,0.4488,No,No
34,rxbox1,2026-09-18 17:54 UTC,Not submitted,Tier 2,0.3276,0.8317,0.4319,0.4666,0.438,No,No
35,"<a target=""_blank"" href=""https://huggingface.co/admetchallenger"" style=""color: var(--link-text-color); text-decoration: underline;text-decoration-style: dotted;"">admetchallenger</a>",2026-09-16 06:25 UTC,Not submitted,Tier 2,0.3273,0.8019,0.3854,0.5511,0.4403,No,No
36,Biomni-TusoAI,2026-09-12 20:09 UTC,Not submitted,Tier 2,0.3254,0.7938,0.3615,0.588,0.4433,No,No
37,"<a target=""_blank"" href=""https://huggingface.co/ppsqq"" style=""color: var(--link-text-color); text-decoration: underline;text-decoration-style: dotted;"">ppsqq</a>",2026-09-21 12:50 UTC,Not submitted,Tier 2,0.3249,0.8261,0.4187,0.4676,0.4385,No,No
38,JSHCF,2026-09-23 14:50 UTC,Not submitted,Tier 2,0.3232,0.8416,0.46,0.3982,0.4251,No,No
39,"<a target=""_blank"" href=""https://huggingface.co/JacksonBurns"" style=""color: var(--link-text-color); text-decoration: underline;text-decoration-style: dotted;"">JacksonBurns</a>",2026-09-24 14:17 UTC,"<a target=""_blank"" href=""https://github.com/JacksonBurns/cyp-challenge/tree/0fa9dd4392a5cb331a9cf867861c909cd1aca49a"" style=""color: var(--link-text-color); text-decoration: underline;text-decoration-style: dotted;"">link</a>",Tier 2,0.3209,0.7252,0.359,0.6716,0.4213,No,Yes
40,Aman,2026-09-24 16:28 UTC,Not submitted,Tier 2,0.3206,0.8177,0.4401,0.4605,0.4456,No,No
41,Ta1k1,2026-08-25 00:11 UTC,Not submitted,Tier 2,0.3183,0.7711,0.3536,0.6228,0.4358,No,No
42,pump-again,2026-09-23 17:45 UTC,Not submitted,Tier 2,0.3171,0.7638,0.3535,0.6215,0.4283,No,No
43,lgb,2026-09-22 08:16 UTC,Not submitted,Tier 2,0.3152,0.8282,0.4537,0.3985,0.4152,No,No
44,HGN38,2026-09-14 18:25 UTC,Not submitted,Tier 2,0.3141,0.76,0.359,0.6127,0.4233,No,No
45,"<a target=""_blank"" href=""https://huggingface.co/SVK091"" style=""color: var(--link-text-color); text-decoration: underline;text-decoration-style: dotted;"">SVK091</a>",2026-09-01 13:00 UTC,Not submitted,Tier 2,0.3079,0.8333,0.4724,0.355,0.3976,No,No
46,claw_test,2026-09-21 09:08 UTC,Not submitted,Tier 2,0.3072,0.8293,0.423,0.4176,0.4172,No,No
47,cyp3a4_test2,2026-09-22 03:11 UTC,Not submitted,Tier 2,0.3056,0.826,0.4126,0.433,0.4204,No,No
48,deoxys,2026-09-13 16:09 UTC,Not submitted,Tier 2,0.3055,0.8477,0.4898,0.33,0.3896,No,No
49,lac,2026-09-21 00:00 UTC,Not submitted,Tier 2,0.3053,0.8288,0.4341,0.4096,0.4196,No,No
50,"<a target=""_blank"" href=""https://huggingface.co/suneelbvs"" style=""color: var(--link-text-color); text-decoration: underline;text-decoration-style: dotted;"">suneelbvs</a>",2026-09-11 15:47 UTC,Not submitted,Tier 2,0.3048,0.755,0.3506,0.6112,0.4181,No,No
51,Ligand Pro,2026-08-31 14:54 UTC,Not submitted,Tier 2,0.3048,0.76,0.3409,0.6264,0.4271,No,No
52,CyclinB,2026-09-24 21:54 UTC,Not submitted,Tier 2,0.3037,0.7935,0.3615,0.538,0.4232,No,No
53,cyp3a4_test3,2026-09-23 01:13 UTC,Not submitted,Tier 2,0.3034,0.8255,0.4125,0.4289,0.4183,No,No
54,"<a target=""_blank"" href=""https://huggingface.co/Swathi007"" style=""color: var(--link-text-color); text-decoration: underline;text-decoration-style: dotted;"">Swathi007</a>",2026-09-18 11:27 UTC,Not submitted,Tier 2,0.3029,0.8351,0.4491,0.3696,0.4023,No,No
55,Scigantic,2026-09-04 17:03 UTC,Not submitted,Tier 2,0.3021,0.8092,0.3552,0.5189,0.4207,No,No
56,Lin,2026-09-18 18:04 UTC,Not submitted,Tier 2,0.2973,0.7836,0.3759,0.5163,0.4083,No,No
57,tobi,2026-09-24 23:13 UTC,Not submitted,Tier 2,0.2971,0.7758,0.3431,0.5793,0.4253,No,No
58,"<a target=""_blank"" href=""https://huggingface.co/jyamvwa"" style=""color: var(--link-text-color); text-decoration: underline;text-decoration-style: dotted;"">jyamvwa</a>",2026-09-23 16:11 UTC,"<a target=""_blank"" href=""https://github.com/Jackson-yamvwa/DrugDiscovery-Py/blob/main/openadmet-cyp-challenge/METHOD_REPORT.md"" style=""color: var(--link-text-color); text-decoration: underline;text-decoration-style: dotted;"">link</a>",Tier 2,0.294,0.7588,0.333,0.6147,0.4234,No,Yes
59,"<a target=""_blank"" href=""https://huggingface.co/dftchemist"" style=""color: var(--link-text-color); text-decoration: underline;text-decoration-style: dotted;"">dftchemist</a>",2026-09-23 18:02 UTC,Invalid link,Tier 2,0.2936,0.7382,0.3274,0.6511,0.4161,Yes,No
60,Woong,2026-09-15 10:52 UTC,Not submitted,Tier 2,0.2915,0.7552,0.3277,0.6161,0.4182,No,No
61,thinkMolecular,2026-09-23 07:36 UTC,Not submitted,Tier 2,0.2878,0.7966,0.4014,0.446,0.3889,No,No
62,drp-to-admed,2026-08-20 07:54 UTC,Not submitted,Tier 2,0.2868,0.8275,0.4726,0.3179,0.3662,No,No
63,HemeCompass2026,2026-09-04 05:08 UTC,Not submitted,Tier 2,0.2862,0.7725,0.34,0.5638,0.4161,No,No
64,"<a target=""_blank"" href=""https://huggingface.co/avaliev"" style=""color: var(--link-text-color); text-decoration: underline;text-decoration-style: dotted;"">avaliev</a>",2026-08-18 19:01 UTC,Not submitted,Tier 2,0.2857,0.8349,0.424,0.3853,0.3915,No,No
65,ChemSpace,2026-09-24 20:42 UTC,Not submitted,Tier 2,0.2837,0.7553,0.3242,0.6049,0.4153,No,No
66,cypcyp,2026-09-24 22:21 UTC,Not submitted,Tier 2,0.2782,0.7585,0.3513,0.5441,0.3964,No,No
67,whippoorwill,2026-09-16 07:20 UTC,Not submitted,Tier 2,0.2781,0.8389,0.4155,0.3583,0.3816,No,No
68,MM-2026,2026-08-27 19:37 UTC,Not submitted,Tier 2,0.2774,0.6986,0.2997,0.6992,0.4026,No,No
69,Lizard Wizard Gizzard,2026-09-24 08:12 UTC,"<a target=""_blank"" href=""https://github.com/doctawho42/CYPChallenge/blob/main/docs/method_report.md"" style=""color: var(--link-text-color); text-decoration: underline;text-decoration-style: dotted;"">link</a>",Tier 2,0.2768,0.6727,0.3085,0.6964,0.3978,No,Yes
70,bioai96,2026-08-23 11:01 UTC,Not submitted,Tier 2,0.2765,0.7321,0.3151,0.6275,0.404,No,No
71,levi_12,2026-09-12 10:34 UTC,Not submitted,Tier 2,0.2765,0.6818,0.2959,0.7186,0.3992,No,No
72,"<a target=""_blank"" href=""https://huggingface.co/caithmac"" style=""color: var(--link-text-color); text-decoration: underline;text-decoration-style: dotted;"">caithmac</a>",2026-08-24 06:09 UTC,Not submitted,Tier 2,0.2764,0.7337,0.3078,0.642,0.4104,No,No
73,CompChem Magicano,2026-09-22 04:00 UTC,Not submitted,Tier 2,0.273,0.642,0.318,0.7178,0.3885,No,No
74,ADMETForge,2026-09-06 03:56 UTC,Not submitted,Tier 2,0.2714,0.8022,0.3751,0.4346,0.3916,No,No
75,"<a target=""_blank"" href=""https://huggingface.co/hfger"" style=""color: var(--link-text-color); text-decoration: underline;text-decoration-style: dotted;"">hfger</a>",2026-09-17 02:45 UTC,Not submitted,Tier 2,0.2709,0.8251,0.3972,0.3757,0.3844,No,No
76,Safi,2026-09-24 10:25 UTC,Not submitted,Tier 3,0.27,0.7586,0.3499,0.5235,0.3901,No,No
77,qxw138,2026-09-22 09:22 UTC,Not submitted,Tier 3,0.2699,0.6382,0.3027,0.7284,0.3923,No,No
78,drp-to-admet,2026-08-21 18:59 UTC,Not submitted,Tier 3,0.269,0.8086,0.3759,0.4355,0.3991,No,No
79,"<a target=""_blank"" href=""https://huggingface.co/Shruti202"" style=""color: var(--link-text-color); text-decoration: underline;text-decoration-style: dotted;"">Shruti202</a>",2026-09-14 19:47 UTC,Not submitted,Tier 3,0.2675,0.7795,0.3436,0.5041,0.3991,No,No
80,autumnZ,2026-09-06 14:27 UTC,Not submitted,Tier 3,0.2673,0.7132,0.3,0.6571,0.3991,No,No
81,TabICL-baseline,2026-08-13 04:21 UTC,Not submitted,Tier 3,0.2666,0.8409,0.4379,0.2975,0.3528,No,No
82,wbot,2026-08-22 19:48 UTC,Not submitted,Tier 3,0.2659,0.8311,0.366,0.3901,0.3767,No,No
83,"<a target=""_blank"" href=""https://huggingface.co/Rguava"" style=""color: var(--link-text-color); text-decoration: underline;text-decoration-style: dotted;"">Rguava</a>",2026-09-18 08:10 UTC,Not submitted,Tier 3,0.2651,0.8099,0.419,0.3543,0.3584,No,No
84,ademmanlincoln07,2026-09-21 20:26 UTC,"<a target=""_blank"" href=""https://github.com/AdemolaTolulope/cyp-inhibition-profiler"" style=""color: var(--link-text-color); text-decoration: underline;text-decoration-style: dotted;"">link</a>",Tier 3,0.2643,0.7437,0.3148,0.5963,0.4047,No,Yes
85,3a4N_TDI,2026-09-23 08:39 UTC,Not submitted,Tier 3,0.2608,0.8273,0.3824,0.3673,0.3735,No,No
86,LGBM-baseline,2026-08-13 04:21 UTC,Not submitted,Tier 3,0.2579,0.8334,0.4664,0.26,0.3273,No,No
87,XGB-baseline,2026-08-13 04:21 UTC,Not submitted,Tier 3,0.2561,0.8328,0.4656,0.2579,0.3253,No,No
88,Goodnight,2026-09-24 20:13 UTC,Not submitted,Tier 3,0.2532,0.675,0.3066,0.6503,0.3831,No,No
89,your_user_alias,2026-08-24 01:29 UTC,Invalid link,Tier 3,0.2524,0.8384,0.4898,0.2266,0.3077,No,No
90,Chocolatine,2026-08-22 12:16 UTC,Not submitted,Tier 3,0.2517,0.6426,0.2912,0.7123,0.3818,No,No
91,cyp450_TDI,2026-09-24 08:49 UTC,Not submitted,Tier 3,0.2512,0.8236,0.3764,0.3593,0.3664,No,No
92,cpvx,2026-09-24 07:17 UTC,Not submitted,Tier 3,0.2507,0.7356,0.3027,0.5929,0.3964,No,No
93,CoSy,2026-09-06 06:59 UTC,Not submitted,Tier 3,0.248,0.7995,0.3425,0.4437,0.3809,No,No
94,AL,2026-09-19 11:38 UTC,Not submitted,Tier 3,0.2315,0.7859,0.32,0.4446,0.3709,No,No
95,"<a target=""_blank"" href=""https://huggingface.co/adlvdl"" style=""color: var(--link-text-color); text-decoration: underline;text-decoration-style: dotted;"">adlvdl</a>",2026-09-21 10:15 UTC,"<a target=""_blank"" href=""https://github.com/jeremycheminf/openadmet_scripts/tree/main/CYP_Challenge"" style=""color: var(--link-text-color); text-decoration: underline;text-decoration-style: dotted;"">link</a>",Tier 3,0.2301,0.7055,0.296,0.5745,0.3722,No,Yes
96,newcyp_1,2026-09-20 03:34 UTC,Not submitted,Tier 3,0.23,0.8327,0.3605,0.3268,0.3386,No,No
97,hf-far,2026-08-30 08:07 UTC,Not submitted,Tier 3,0.2277,0.7533,0.3089,0.4958,0.3715,No,No
98,tajfun,2026-09-24 12:46 UTC,Not submitted,Tier 3,0.2256,0.7037,0.3084,0.5487,0.364,No,No
99,3a4_TDI,2026-09-23 07:56 UTC,Not submitted,Tier 3,0.2238,0.8135,0.3469,0.3451,0.3437,No,No
100,cyp450_reg,2026-09-24 09:39 UTC,Not submitted,Tier 3,0.2215,0.8117,0.3562,0.3361,0.3445,No,No
101,highsky,2026-09-20 06:18 UTC,Not submitted,Tier 3,0.2049,0.8348,0.3277,0.3043,0.3114,No,No
102,mobster,2026-09-17 15:30 UTC,Not submitted,Tier 3,0.1973,0.8333,0.3696,0.2422,0.2894,No,No
103,wizard_of_cyp_exp8,2026-09-20 07:43 UTC,Not submitted,Tier 4,0.1864,0.8304,0.3785,0.2062,0.2661,No,No
104,"<a target=""_blank"" href=""https://huggingface.co/nkwork"" style=""color: var(--link-text-color); text-decoration: underline;text-decoration-style: dotted;"">nkwork</a>",2026-08-29 10:47 UTC,"<a target=""_blank"" href=""https://github.com/nkwork9999/mollibra-challenges/blob/main/reports/openadmet_method.md"" style=""color: var(--link-text-color); text-decoration: underline;text-decoration-style: dotted;"">link</a>",Tier 4,0.1811,0.6693,0.2747,0.5491,0.3387,No,Yes
105,rogerbyrne,2026-09-01 09:43 UTC,Not submitted,Tier 4,0.1771,0.6328,0.2517,0.6199,0.3442,No,No
106,HBI,2026-09-20 01:02 UTC,"<a target=""_blank"" href=""https://huggingface.co/buildingpeps/hbi-cyp-challenge-v2"" style=""color: var(--link-text-color); text-decoration: underline;text-decoration-style: dotted;"">link</a>",Tier 4,0.1749,0.6035,0.2375,0.7173,0.3537,No,No
107,sıkıntıyok,2026-09-15 20:55 UTC,Not submitted,Tier 4,0.1666,0.5637,0.3014,0.5665,0.3203,No,No
108,chemfm-baseline,2026-08-25 23:59 UTC,Not submitted,Tier 4,0.1488,0.5007,0.2423,0.7028,0.3337,No,No
109,ulcompute,2026-08-26 23:04 UTC,Not submitted,Tier 4,0.1381,0.7247,0.2759,0.3668,0.293,No,No
110,"<a target=""_blank"" href=""https://huggingface.co/yuan3"" style=""color: var(--link-text-color); text-decoration: underline;text-decoration-style: dotted;"">yuan3</a>",2026-09-18 14:53 UTC,Not submitted,Tier 4,0.132,0.6686,0.2635,0.4294,0.3082,No,No
111,golden,2026-09-24 16:40 UTC,Not submitted,Tier 4,0.1308,0.8106,0.3472,0.1489,0.205,No,No
112,Class-1,2026-08-24 22:35 UTC,Not submitted,Tier 4,0.1275,0.7591,0.3154,0.2467,0.1687,No,No
113,"<a target=""_blank"" href=""https://huggingface.co/wfondrie"" style=""color: var(--link-text-color); text-decoration: underline;text-decoration-style: dotted;"">wfondrie</a>",2026-09-10 23:45 UTC,Not submitted,Tier 4,0.1138,0.8103,0.3617,0.1069,0.1597,Yes,No
114,"<a target=""_blank"" href=""https://huggingface.co/dargason"" style=""color: var(--link-text-color); text-decoration: underline;text-decoration-style: dotted;"">dargason</a>",2026-08-21 14:11 UTC,"<a target=""_blank"" href=""https://admet-cyp.aetherark.com/classification-submissions.html"" style=""color: var(--link-text-color); text-decoration: underline;text-decoration-style: dotted;"">link</a>",Tier 5,0.0638,0.2164,0.1877,1.0,0.297,No,Yes
