Rank,Username,value,std,gap_vs_top,z,p_two_sided,tied_with_top
1,TabICL-baseline,0.6754911232298604,0.0225833191220195,0.0,0.0,1.0,True
2,wbot,0.7713616811483035,0.0275493580149923,0.09587055791844312,2.6912806593997742,0.007117828641029833,False
3,beast,0.8271531537796953,0.0266671224561718,0.15166203054983496,4.3400409903021,1.4245614037511345e-05,False
4,CheMeleon-baseline,0.8335417856610204,0.0320663047916078,0.15805066243116006,4.029788608542756,5.58270346386891e-05,False
5,CYPredict,0.8472413140903357,0.0208765785186375,0.17175019086047527,5.584559050964538,2.3429390205720324e-08,False
6,admet-challenger,0.8507349595327403,0.0268203922736444,0.17524383630287987,4.998121285513326,5.78915703153271e-07,False
7,CoSy,0.8699564381674818,0.0277626976932592,0.19446531493762143,5.433828824200263,5.5157496126057026e-08,False
8,avaliev,0.8897560357542935,0.029534062159039,0.21426491252443314,5.763085563478046,8.25898971434924e-09,False
9,Asidsal11,0.892027242008841,0.0309443799033722,0.2165361187789806,5.652392019389177,1.582302022740123e-08,False
10,LGBM-baseline,0.8928668500487127,0.0284760810888944,0.2173757268188523,5.981046049030251,2.2170918434483156e-09,False
11,XGB-baseline,0.8974876642688272,0.0276233123877156,0.22199654103896682,6.221897435026984,4.91178209216514e-10,False
12,JustTheBasics,0.8975396613659022,0.0281738307339704,0.22204853813604186,6.149605453131625,7.767593235286085e-10,False
13,NorthCoil,0.8994996735371932,0.0274762003284832,0.2240085503073328,6.298371575999709,3.00788727258805e-10,False
14,cyp-o-matic,0.937734850175914,0.0297373138746373,0.2622437269460536,7.0230343517307405,2.170930102352031e-12,False
15,ubiqtuitin,0.9490767721694624,0.0296870254911072,0.273585648939602,7.334641570726246,2.2226664952995634e-13,False
16,intrinsically-disordered,0.970237825164814,0.0291310973306856,0.29474670193495367,7.996479206357395,1.3322676295501878e-15,False
