Rank,Username,Submitted,Model Report Link,MCC,Accuracy,Precision,Recall,F1 Score,Proprietary Data,Open Code
1,"<a target=""_blank"" href=""https://huggingface.co/harinu123"" style=""color: var(--link-text-color); text-decoration: underline;text-decoration-style: dotted;"">harinu123</a>",2026-09-09 20:45 UTC,Not submitted,0.5154,0.8003,0.6585,0.6542,0.6553,No,No
2,"<a target=""_blank"" href=""https://huggingface.co/TeamPrescience"" style=""color: var(--link-text-color); text-decoration: underline;text-decoration-style: dotted;"">TeamPrescience</a>",2026-09-24 13:45 UTC,Not submitted,0.5018,0.7948,0.6493,0.6438,0.6455,No,No
3,EleanorRigby,2026-09-24 13:31 UTC,Not submitted,0.4987,0.7342,0.5267,0.8701,0.6554,No,No
4,TeamPozeSCAF,2026-09-28 04:36 UTC,Not submitted,0.498,0.8029,0.7036,0.5598,0.6223,No,No
5,jedi-cyp,2026-09-28 04:39 UTC,Not submitted,0.4958,0.7732,0.5886,0.7377,0.6538,No,No
6,nova,2026-09-22 20:49 UTC,Not submitted,0.4938,0.7982,0.6776,0.5873,0.6281,No,No
7,preheat-to-450,2026-09-26 16:54 UTC,Not submitted,0.4925,0.7868,0.6272,0.6624,0.6432,No,No
8,"<a target=""_blank"" href=""https://huggingface.co/Ojas45"" style=""color: var(--link-text-color); text-decoration: underline;text-decoration-style: dotted;"">Ojas45</a>",2026-09-25 10:04 UTC,Not submitted,0.4885,0.8003,0.7053,0.5413,0.6112,No,No
9,venky,2026-09-28 03:57 UTC,Not submitted,0.4855,0.7973,0.687,0.5598,0.6157,No,No
10,"<a target=""_blank"" href=""https://huggingface.co/N283T"" style=""color: var(--link-text-color); text-decoration: underline;text-decoration-style: dotted;"">N283T</a>",2026-09-26 15:10 UTC,Not submitted,0.4843,0.7658,0.5768,0.7387,0.6468,No,No
11,lex,2026-09-23 09:27 UTC,Not submitted,0.4795,0.7986,0.7147,0.5143,0.5968,No,No
12,450nm,2026-09-13 14:30 UTC,"<a target=""_blank"" href=""https://openadmet-cyp-dashboard.vercel.app/operating_dashboard"" style=""color: var(--link-text-color); text-decoration: underline;text-decoration-style: dotted;"">link</a>",0.4775,0.7983,0.7197,0.5049,0.5921,No,No
13,scaffold,2026-09-28 04:37 UTC,Not submitted,0.4735,0.7918,0.6715,0.5598,0.6094,No,No
14,lgb,2026-09-28 03:09 UTC,Not submitted,0.4719,0.796,0.7112,0.5055,0.5896,No,No
15,tjumbo-cyp,2026-09-26 09:33 UTC,Not submitted,0.4714,0.7211,0.5131,0.8508,0.6394,No,No
16,"<a target=""_blank"" href=""https://huggingface.co/Swathi45"" style=""color: var(--link-text-color); text-decoration: underline;text-decoration-style: dotted;"">Swathi45</a>",2026-09-28 04:51 UTC,Not submitted,0.4702,0.7892,0.6609,0.569,0.6103,No,No
17,horse-pusher,2026-09-23 03:40 UTC,Not submitted,0.4701,0.7839,0.6354,0.6073,0.6199,No,No
18,jeremy,2026-09-04 12:10 UTC,"<a target=""_blank"" href=""https://github.com/jeremycheminf/openadmet_scripts/tree/main/CYP_Challenge"" style=""color: var(--link-text-color); text-decoration: underline;text-decoration-style: dotted;"">link</a>",0.4648,0.7794,0.6226,0.6183,0.6194,No,Yes
19,whippoorwill,2026-09-16 07:20 UTC,Not submitted,0.4644,0.7823,0.6342,0.5986,0.6148,No,No
20,"<a target=""_blank"" href=""https://huggingface.co/srijitseal"" style=""color: var(--link-text-color); text-decoration: underline;text-decoration-style: dotted;"">srijitseal</a>",2026-09-08 16:05 UTC,Not submitted,0.4627,0.7211,0.5134,0.8337,0.6346,No,No
21,Gashaw,2026-09-14 23:59 UTC,Not submitted,0.4601,0.7866,0.6613,0.5501,0.5993,No,No
22,Tutu,2026-09-26 05:23 UTC,Not submitted,0.4588,0.7448,0.545,0.7546,0.632,No,No
23,NorthCoil,2026-09-21 15:28 UTC,Not submitted,0.4582,0.7073,0.4989,0.8596,0.6305,No,No
24,furtivepeony,2026-09-28 03:29 UTC,Not submitted,0.4581,0.776,0.6155,0.6172,0.6153,No,No
25,rxbox1,2026-09-18 17:54 UTC,Not submitted,0.4579,0.7407,0.5389,0.7664,0.6319,No,No
26,wbot,2026-08-22 19:48 UTC,Not submitted,0.4554,0.7697,0.5976,0.6435,0.6186,No,No
27,z,2026-09-28 04:59 UTC,Not submitted,0.4551,0.7448,0.5456,0.7461,0.6294,No,No
28,stir_bar,2026-09-27 18:47 UTC,"<a target=""_blank"" href=""https://github.com/lachrymator/openadmet-cyp-challenge-public"" style=""color: var(--link-text-color); text-decoration: underline;text-decoration-style: dotted;"">link</a>",0.4547,0.739,0.5367,0.7648,0.6299,No,No
29,"<a target=""_blank"" href=""https://huggingface.co/Asidsal11"" style=""color: var(--link-text-color); text-decoration: underline;text-decoration-style: dotted;"">Asidsal11</a>",2026-09-25 07:04 UTC,Not submitted,0.4518,0.7815,0.6444,0.5595,0.5977,No,No
30,TabICL-baseline,2026-08-13 04:21 UTC,Not submitted,0.4506,0.7871,0.6824,0.5046,0.5788,No,No
31,"<a target=""_blank"" href=""https://huggingface.co/JacksonBurns"" style=""color: var(--link-text-color); text-decoration: underline;text-decoration-style: dotted;"">JacksonBurns</a>",2026-09-24 14:17 UTC,"<a target=""_blank"" href=""https://github.com/JacksonBurns/cyp-challenge/tree/0fa9dd4392a5cb331a9cf867861c909cd1aca49a"" style=""color: var(--link-text-color); text-decoration: underline;text-decoration-style: dotted;"">link</a>",0.4504,0.7541,0.5629,0.7005,0.6233,No,Yes
32,Pequod Studio,2026-09-25 07:56 UTC,Not submitted,0.4494,0.7661,0.5906,0.6446,0.6153,No,No
33,Biomni-TusoAI,2026-09-12 20:09 UTC,Not submitted,0.4483,0.7215,0.5143,0.8038,0.6264,No,No
34,"<a target=""_blank"" href=""https://huggingface.co/PIPL-Bio"" style=""color: var(--link-text-color); text-decoration: underline;text-decoration-style: dotted;"">PIPL-Bio</a>",2026-09-13 10:04 UTC,Not submitted,0.4483,0.7425,0.5431,0.7384,0.6249,No,No
35,Lizard Wizard Gizzard,2026-09-24 08:12 UTC,"<a target=""_blank"" href=""https://github.com/doctawho42/CYPChallenge/blob/main/docs/method_report.md"" style=""color: var(--link-text-color); text-decoration: underline;text-decoration-style: dotted;"">link</a>",0.4416,0.6985,0.4902,0.8496,0.6209,No,Yes
36,ADI,2026-09-24 11:46 UTC,Not submitted,0.441,0.7733,0.619,0.579,0.5972,No,No
37,NIPERKOLKATA_PI_LAB,2026-09-27 07:22 UTC,Not submitted,0.4409,0.7701,0.6074,0.5982,0.6016,No,No
38,Captain CYP,2026-09-27 07:57 UTC,Not submitted,0.4409,0.7701,0.6074,0.5982,0.6016,No,No
39,"<a target=""_blank"" href=""https://huggingface.co/rasayan-labs"" style=""color: var(--link-text-color); text-decoration: underline;text-decoration-style: dotted;"">rasayan-labs</a>",2026-09-25 07:46 UTC,"<a target=""_blank"" href=""https://github.com/whis9/rasayan-cyp"" style=""color: var(--link-text-color); text-decoration: underline;text-decoration-style: dotted;"">link</a>",0.4409,0.7689,0.6032,0.6054,0.6032,No,No
40,Scigantic,2026-09-27 00:38 UTC,Not submitted,0.4407,0.7818,0.6618,0.5143,0.5775,No,No
41,newcyp_1,2026-09-20 03:34 UTC,Not submitted,0.4402,0.7682,0.6015,0.607,0.6031,No,No
42,highsky,2026-09-20 06:18 UTC,Not submitted,0.4402,0.7682,0.6015,0.607,0.6031,No,No
43,yourchoice,2026-09-22 07:02 UTC,Not submitted,0.4402,0.7682,0.6015,0.607,0.6031,No,No
44,newcyp,2026-09-22 07:48 UTC,Not submitted,0.4402,0.7682,0.6015,0.607,0.6031,No,No
45,Chocolatine,2026-08-22 12:16 UTC,Not submitted,0.4392,0.6885,0.481,0.8681,0.6182,No,No
46,"<a target=""_blank"" href=""https://huggingface.co/admetchallenger"" style=""color: var(--link-text-color); text-decoration: underline;text-decoration-style: dotted;"">admetchallenger</a>",2026-09-16 06:25 UTC,Not submitted,0.4383,0.7487,0.5555,0.6917,0.6151,No,No
47,qxw138,2026-09-22 09:22 UTC,Not submitted,0.4369,0.6987,0.4902,0.8404,0.6184,No,No
48,"<a target=""_blank"" href=""https://huggingface.co/ppsqq"" style=""color: var(--link-text-color); text-decoration: underline;text-decoration-style: dotted;"">ppsqq</a>",2026-09-21 12:50 UTC,Not submitted,0.4359,0.7566,0.5726,0.6523,0.6087,No,No
49,CYPblend,2026-09-24 06:06 UTC,Not submitted,0.431,0.7647,0.5965,0.5979,0.5959,No,No
50,iuo,2026-09-28 05:21 UTC,Not submitted,0.4295,0.7676,0.6066,0.5774,0.5904,No,No
51,Cheminfo,2026-09-23 20:15 UTC,Not submitted,0.428,0.7561,0.5742,0.6332,0.6011,No,No
52,LGBM-baseline,2026-08-13 04:21 UTC,Not submitted,0.4279,0.7847,0.7414,0.401,0.5189,No,No
53,ADMETForge,2026-09-06 03:56 UTC,Not submitted,0.4278,0.7617,0.5891,0.6051,0.5958,No,No
54,Autopilot (fully autonomous agent entry),2026-09-16 02:01 UTC,Not submitted,0.4265,0.6545,0.4541,0.9147,0.6062,No,No
55,"<a target=""_blank"" href=""https://huggingface.co/avaliev"" style=""color: var(--link-text-color); text-decoration: underline;text-decoration-style: dotted;"">avaliev</a>",2026-08-18 19:01 UTC,Not submitted,0.4258,0.7483,0.5576,0.6619,0.6042,No,No
56,deoxys,2026-09-13 16:09 UTC,Not submitted,0.4237,0.774,0.6402,0.5137,0.5688,No,No
57,"<a target=""_blank"" href=""https://huggingface.co/hfger"" style=""color: var(--link-text-color); text-decoration: underline;text-decoration-style: dotted;"">hfger</a>",2026-09-17 02:45 UTC,Not submitted,0.4174,0.7626,0.5972,0.5696,0.5818,No,No
58,JSHCF,2026-09-23 14:50 UTC,Not submitted,0.4164,0.7622,0.5968,0.5687,0.5813,No,No
59,pump-again,2026-09-23 17:45 UTC,Not submitted,0.4121,0.7349,0.5357,0.6808,0.5986,No,No
60,lac,2026-09-21 00:00 UTC,Not submitted,0.4082,0.7484,0.5627,0.6158,0.5869,No,No
61,Ta1k1,2026-08-25 00:11 UTC,Not submitted,0.406,0.7043,0.4953,0.7657,0.6007,No,No
62,Goodnight,2026-09-24 20:13 UTC,Not submitted,0.4044,0.6962,0.4869,0.7845,0.6,No,No
63,"<a target=""_blank"" href=""https://huggingface.co/SVK091"" style=""color: var(--link-text-color); text-decoration: underline;text-decoration-style: dotted;"">SVK091</a>",2026-09-01 13:00 UTC,Not submitted,0.4037,0.774,0.677,0.4294,0.524,No,No
64,ChemSpace,2026-09-24 20:42 UTC,Not submitted,0.4033,0.6718,0.4652,0.8411,0.5983,No,No
65,"<a target=""_blank"" href=""https://huggingface.co/suneelbvs"" style=""color: var(--link-text-color); text-decoration: underline;text-decoration-style: dotted;"">suneelbvs</a>",2026-09-11 15:47 UTC,Not submitted,0.402,0.7286,0.5267,0.6803,0.5927,No,No
66,bioai96,2026-08-23 11:01 UTC,Not submitted,0.4011,0.6824,0.4739,0.8127,0.5979,No,No
67,XGB-baseline,2026-08-13 04:21 UTC,Not submitted,0.4011,0.7763,0.7273,0.3722,0.4907,No,No
68,curiousone,2026-09-26 04:47 UTC,Not submitted,0.3978,0.6719,0.4649,0.8311,0.5955,No,No
69,3a4_TDI,2026-09-28 05:17 UTC,Not submitted,0.3975,0.7462,0.5609,0.5972,0.5774,No,No
70,CompChem Magicano,2026-09-27 19:50 UTC,Not submitted,0.3941,0.7702,0.6645,0.4278,0.519,No,No
71,Woong,2026-09-27 05:08 UTC,"<a target=""_blank"" href=""https://gist.github.com/ByungwoongYoo/4904441a9b30db077fbb784f9c22e423"" style=""color: var(--link-text-color); text-decoration: underline;text-decoration-style: dotted;"">link</a>",0.3938,0.6845,0.4754,0.7936,0.5938,No,No
72,AL,2026-09-19 11:38 UTC,Not submitted,0.392,0.701,0.4916,0.7459,0.5917,No,No
73,tobi,2026-09-24 23:13 UTC,Not submitted,0.3912,0.6935,0.4838,0.7653,0.592,No,No
74,cyp3a4_test3,2026-09-23 01:13 UTC,Not submitted,0.3906,0.7379,0.5446,0.6162,0.5772,No,No
75,cypcyp,2026-09-24 22:21 UTC,Not submitted,0.39,0.7421,0.5535,0.5964,0.573,No,No
76,bingo_84,2026-09-25 17:47 UTC,Not submitted,0.3894,0.7172,0.5112,0.6905,0.5865,No,No
77,Ligand Pro,2026-08-31 14:54 UTC,Not submitted,0.3893,0.699,0.4894,0.7462,0.5902,No,No
78,your_user_alias,2026-08-24 01:29 UTC,Invalid link,0.3816,0.7709,0.7342,0.336,0.4594,No,No
79,autumnZ,2026-09-06 14:27 UTC,Not submitted,0.3803,0.6575,0.4525,0.8315,0.5853,No,No
80,cyp3a4_test2,2026-09-22 03:11 UTC,Not submitted,0.3766,0.7297,0.5314,0.615,0.5691,No,No
81,cyp450_TDI,2026-09-28 05:11 UTC,Not submitted,0.3746,0.743,0.5604,0.5504,0.5541,No,No
82,"<a target=""_blank"" href=""https://huggingface.co/jyamvwa"" style=""color: var(--link-text-color); text-decoration: underline;text-decoration-style: dotted;"">jyamvwa</a>",2026-09-23 16:11 UTC,"<a target=""_blank"" href=""https://github.com/Jackson-yamvwa/DrugDiscovery-Py/blob/main/openadmet-cyp-challenge/METHOD_REPORT.md"" style=""color: var(--link-text-color); text-decoration: underline;text-decoration-style: dotted;"">link</a>",0.3736,0.6766,0.4671,0.7746,0.5819,No,Yes
83,Lin,2026-09-18 18:04 UTC,Not submitted,0.3714,0.7373,0.5475,0.5694,0.5572,No,No
84,CyclinB,2026-09-24 21:54 UTC,Not submitted,0.371,0.7101,0.502,0.6732,0.5742,No,No
85,Aman,2026-09-24 16:28 UTC,Not submitted,0.3707,0.7208,0.5172,0.635,0.5691,No,No
86,claw_test,2026-09-21 09:08 UTC,Not submitted,0.3689,0.7422,0.5601,0.5392,0.5482,No,No
87,niperkolkata,2026-09-24 09:19 UTC,Not submitted,0.3689,0.6486,0.445,0.8308,0.5788,No,No
88,cyp450_TDI,2026-09-24 08:49 UTC,Not submitted,0.3678,0.737,0.5478,0.5611,0.5532,No,No
89,wizard_of_cyp_exp8,2026-09-20 07:43 UTC,Not submitted,0.3664,0.763,0.6622,0.3819,0.483,No,No
90,cyp450_reg,2026-09-28 08:59 UTC,Not submitted,0.3656,0.7434,0.5644,0.5239,0.5423,No,No
91,CoSy,2026-09-06 06:59 UTC,Not submitted,0.3609,0.6776,0.4669,0.7475,0.5739,No,No
92,"<a target=""_blank"" href=""https://huggingface.co/dftchemist"" style=""color: var(--link-text-color); text-decoration: underline;text-decoration-style: dotted;"">dftchemist</a>",2026-09-25 18:38 UTC,Invalid link,0.3608,0.7266,0.528,0.5886,0.5556,Yes,No
93,3a4N_TDI,2026-09-28 05:44 UTC,Not submitted,0.3582,0.7315,0.5379,0.5611,0.5481,No,No
94,"<a target=""_blank"" href=""https://huggingface.co/caithmac"" style=""color: var(--link-text-color); text-decoration: underline;text-decoration-style: dotted;"">caithmac</a>",2026-08-24 06:09 UTC,Not submitted,0.3569,0.639,0.4373,0.8303,0.5721,No,No
95,MM-2026,2026-08-27 19:37 UTC,Not submitted,0.3568,0.6471,0.4427,0.8127,0.5724,No,No
96,drp-to-admed,2026-08-20 07:54 UTC,Not submitted,0.3565,0.7599,0.655,0.3731,0.4739,No,No
97,Safi,2026-09-27 09:08 UTC,Not submitted,0.3563,0.6937,0.4824,0.6928,0.5678,No,No
98,drp-to-admet,2026-08-21 18:59 UTC,Not submitted,0.3543,0.683,0.4714,0.7197,0.5688,No,No
99,HGN38,2026-09-14 18:25 UTC,Not submitted,0.3542,0.7126,0.5058,0.6261,0.5585,No,No
100,"<a target=""_blank"" href=""https://huggingface.co/adlvdl"" style=""color: var(--link-text-color); text-decoration: underline;text-decoration-style: dotted;"">adlvdl</a>",2026-09-21 10:15 UTC,"<a target=""_blank"" href=""https://github.com/jeremycheminf/openadmet_scripts/tree/main/CYP_Challenge"" style=""color: var(--link-text-color); text-decoration: underline;text-decoration-style: dotted;"">link</a>",0.3527,0.6649,0.4555,0.7638,0.5698,No,Yes
101,Zafrens,2026-09-27 01:08 UTC,Not submitted,0.3499,0.6627,0.4534,0.7641,0.5683,No,No
102,tajfun,2026-09-24 12:46 UTC,Not submitted,0.349,0.6898,0.4778,0.689,0.5634,No,No
103,cpvx,2026-09-24 07:17 UTC,Not submitted,0.343,0.6359,0.4337,0.8128,0.5648,No,No
104,sıkıntıyok,2026-09-15 20:55 UTC,Not submitted,0.3429,0.722,0.5217,0.5628,0.5404,No,No
105,C_CYPher-graphattn-B2regaux,2026-09-14 12:45 UTC,Not submitted,0.3406,0.7259,0.5294,0.5404,0.5337,No,No
106,HemeCompass2026,2026-09-04 05:08 UTC,Not submitted,0.3403,0.6688,0.4574,0.7298,0.5615,No,No
107,CYPher,2026-09-27 11:55 UTC,Not submitted,0.3393,0.6047,0.415,0.8679,0.5607,No,No
108,"<a target=""_blank"" href=""https://huggingface.co/CE20B010"" style=""color: var(--link-text-color); text-decoration: underline;text-decoration-style: dotted;"">CE20B010</a>",2026-09-28 07:20 UTC,Not submitted,0.339,0.7564,0.6628,0.3347,0.4434,No,No
109,"<a target=""_blank"" href=""https://huggingface.co/Shruti202"" style=""color: var(--link-text-color); text-decoration: underline;text-decoration-style: dotted;"">Shruti202</a>",2026-09-28 11:16 UTC,Not submitted,0.339,0.7564,0.6628,0.3347,0.4434,No,No
110,levi_12,2026-09-12 10:34 UTC,Not submitted,0.3383,0.6362,0.4332,0.8037,0.5621,No,No
111,"<a target=""_blank"" href=""https://huggingface.co/Rguava"" style=""color: var(--link-text-color); text-decoration: underline;text-decoration-style: dotted;"">Rguava</a>",2026-09-18 08:10 UTC,Not submitted,0.3378,0.748,0.5992,0.4104,0.4857,No,No
112,thinkMolecular,2026-09-23 07:36 UTC,Not submitted,0.3333,0.7385,0.5635,0.458,0.504,No,No
113,mobster,2026-09-17 15:30 UTC,Not submitted,0.33,0.7432,0.5832,0.419,0.4863,No,No
114,aries,2026-09-22 01:46 UTC,Not submitted,0.3267,0.7202,0.5199,0.5303,0.5238,No,No
115,coolbeans,2026-09-25 06:00 UTC,Not submitted,0.3223,0.6828,0.4685,0.6536,0.5448,No,No
116,ademmanlincoln07,2026-09-21 20:26 UTC,"<a target=""_blank"" href=""https://github.com/AdemolaTolulope/cyp-inhibition-profiler"" style=""color: var(--link-text-color); text-decoration: underline;text-decoration-style: dotted;"">link</a>",0.3079,0.6369,0.4295,0.7474,0.5447,No,Yes
117,dcv,2026-09-28 08:35 UTC,Not submitted,0.2983,0.712,0.5062,0.4956,0.4996,No,No
118,hf-far,2026-08-30 08:07 UTC,Not submitted,0.294,0.6661,0.4492,0.6442,0.5284,No,No
119,dkj,2026-09-28 08:34 UTC,Not submitted,0.2857,0.6977,0.4831,0.5221,0.5007,No,No
120,CYP-PI,2026-09-26 04:57 UTC,Not submitted,0.2847,0.5816,0.3956,0.8244,0.5339,No,No
121,chemfm-baseline,2026-08-25 23:59 UTC,Not submitted,0.282,0.5757,0.3925,0.831,0.5325,No,No
122,golden,2026-09-24 16:40 UTC,Not submitted,0.2811,0.7374,0.5968,0.3057,0.4028,No,No
123,"<a target=""_blank"" href=""https://huggingface.co/nkwork"" style=""color: var(--link-text-color); text-decoration: underline;text-decoration-style: dotted;"">nkwork</a>",2026-08-29 10:47 UTC,"<a target=""_blank"" href=""https://github.com/nkwork9999/mollibra-challenges/blob/main/reports/openadmet_method.md"" style=""color: var(--link-text-color); text-decoration: underline;text-decoration-style: dotted;"">link</a>",0.2784,0.6407,0.4272,0.6819,0.5244,No,Yes
124,rogerbyrne,2026-09-01 09:43 UTC,Not submitted,0.278,0.5864,0.3967,0.804,0.5306,No,No
125,"<a target=""_blank"" href=""https://huggingface.co/yuan3"" style=""color: var(--link-text-color); text-decoration: underline;text-decoration-style: dotted;"">yuan3</a>",2026-09-18 14:53 UTC,Not submitted,0.2705,0.6529,0.4347,0.6333,0.5145,No,No
126,"<a target=""_blank"" href=""https://huggingface.co/niteesh2799"" style=""color: var(--link-text-color); text-decoration: underline;text-decoration-style: dotted;"">niteesh2799</a>",2026-09-28 06:08 UTC,Not submitted,0.2615,0.7375,0.637,0.2323,0.3389,No,No
127,fsd,2026-09-28 09:33 UTC,Not submitted,0.2578,0.7372,0.643,0.2214,0.328,No,No
128,Ram,2026-09-28 05:57 UTC,Not submitted,0.1972,0.7045,0.4886,0.2878,0.3608,No,No
129,Class-1,2026-08-24 22:35 UTC,Not submitted,0.188,0.7246,0.6482,0.122,0.2039,No,No
130,ulcompute,2026-08-26 23:04 UTC,Not submitted,0.156,0.6389,0.3935,0.4405,0.4146,No,No
131,HBI,2026-09-20 01:02 UTC,"<a target=""_blank"" href=""https://huggingface.co/buildingpeps/hbi-cyp-challenge-v2"" style=""color: var(--link-text-color); text-decoration: underline;text-decoration-style: dotted;"">link</a>",0.1392,0.4005,0.3184,0.9259,0.4733,No,No
132,"<a target=""_blank"" href=""https://huggingface.co/wfondrie"" style=""color: var(--link-text-color); text-decoration: underline;text-decoration-style: dotted;"">wfondrie</a>",2026-09-10 23:45 UTC,Not submitted,0.1377,0.7132,0.5395,0.1118,0.1841,Yes,No
133,Archdruid,2026-09-25 13:55 UTC,Not submitted,0.0738,0.4367,0.3123,0.7752,0.4446,No,No
134,"<a target=""_blank"" href=""https://huggingface.co/dargason"" style=""color: var(--link-text-color); text-decoration: underline;text-decoration-style: dotted;"">dargason</a>",2026-08-21 14:11 UTC,"<a target=""_blank"" href=""https://admet-cyp.aetherark.com/classification-submissions.html"" style=""color: var(--link-text-color); text-decoration: underline;text-decoration-style: dotted;"">link</a>",0.0254,0.2942,0.2923,1.0,0.4519,No,Yes
