Rank,Username,Submitted,Model Report Link,MA-ST-RAE,MA-ST-RAE std,MA-MAE,MA-MAE std,MA-R²,MA-R² std,MA-Spearman's ρ,MA-Spearman's ρ std,MA-Kendall's τ,MA-Kendall's τ std,Proprietary Data,Open Code
1,TabICL-baseline,2026-08-13 04:21 UTC,Not submitted,0.6754911232298604,0.0225833191220195,0.8572053055438077,0.0160882467817636,0.2929309715805475,0.0383274926863265,0.6809076019046177,0.0165193280628815,0.5096623274248658,0.0139551556881782,No,No
2,wbot,2026-08-18 16:18 UTC,Not submitted,0.7713616811483035,0.0275493580149923,0.9393785479509356,0.017999526480366,0.1526697305378235,0.0463824657326363,0.7287094962305414,0.0150989204214669,0.55138170249164,0.0132349940677981,No,No
3,beast,2026-08-18 15:22 UTC,Not submitted,0.8271531537796953,0.0266671224561718,0.9686128278980318,0.0176836054013926,0.1123174628430197,0.044855090871097,0.6826947751514053,0.016837219710438,0.5061859929133317,0.0140175746749049,No,No
4,CheMeleon-baseline,2026-08-13 04:21 UTC,Not submitted,0.8335417856610204,0.0320663047916078,0.9714051509391204,0.0191797821154841,0.0941072620828053,0.0511347773265419,0.6473656657222617,0.0172563286866495,0.4763642184799824,0.0141394848174387,No,No
5,CYPredict,2026-08-18 00:20 UTC,Not submitted,0.8472413140903357,0.0208765785186375,0.974085625103068,0.0164748583900773,0.141632952724455,0.0364885233808106,0.5537642590664291,0.0187602261981723,0.4059418142029615,0.014428602288539,No,No
6,admet-challenger,2026-08-18 19:34 UTC,Not submitted,0.8507349595327403,0.0268203922736444,0.978210367829614,0.0177387153558381,0.0950857329686923,0.0442016974916963,0.6441375654087823,0.0168380351266269,0.469950083632138,0.0137333728874052,No,No
7,CoSy,2026-08-18 07:40 UTC,Not submitted,0.8699564381674818,0.0277626976932592,0.9926139538336808,0.0179528935452794,0.0832411265421928,0.044785686250033,0.6184256313491279,0.0182788950530375,0.4497200610222613,0.0148411815825652,No,No
8,avaliev,2026-08-18 19:01 UTC,Not submitted,0.8897560357542935,0.029534062159039,0.9987157629407966,0.0182650889953093,0.0581592412623207,0.0471914357969286,0.6132190791683058,0.0172173892259794,0.4442672054463121,0.0137810689942847,No,No
9,Asidsal11,2026-08-18 15:03 UTC,Not submitted,0.892027242008841,0.0309443799033722,1.0094959859037906,0.0185818752878067,0.0373997263119604,0.0505675700736367,0.6020212138107692,0.0188968876542672,0.4373774693594977,0.0149945375237913,No,No
10,LGBM-baseline,2026-08-13 04:21 UTC,Not submitted,0.8928668500487127,0.0284760810888944,0.9999979103474612,0.0179492238662646,0.0663790556716864,0.0452309851012379,0.5975083220756402,0.0184182966222987,0.4304566078315792,0.0144234846506912,No,No
11,XGB-baseline,2026-08-13 04:21 UTC,Not submitted,0.8974876642688272,0.0276233123877156,1.0048379703606976,0.017697596224987,0.0631587743969549,0.0444987379790855,0.5972481453508828,0.0180428017039716,0.4312033812003621,0.0141503115106198,No,No
12,JustTheBasics,2026-08-17 12:03 UTC,Not submitted,0.8975396613659022,0.0281738307339704,1.0169682088627576,0.0182009194373153,0.0486056904998888,0.0463992156552852,0.5771552377084667,0.0198214633869878,0.4180984984882135,0.0155518687264545,No,No
13,NorthCoil,2026-08-18 06:59 UTC,Not submitted,0.8994996735371932,0.0274762003284832,1.0059900836520577,0.0180682807195735,0.0476231940603333,0.0455321864260059,0.5963975039017488,0.0182691614114466,0.4290752154301247,0.0144377452698546,No,No
14,cyp-o-matic,2026-08-18 11:34 UTC,Not submitted,0.937734850175914,0.0297373138746373,1.0343676302431957,0.0181246650573753,0.0095590248503789,0.0480471208655862,0.6023162410973559,0.0177238285159242,0.434293517477765,0.0142496104632174,No,No
15,ubiqtuitin,2026-08-18 00:22 UTC,Not submitted,0.9490767721694624,0.0296870254911072,1.0345810179205657,0.0187872340178503,-0.0019207285635459,0.0472969630886,0.5531971350912203,0.0187558911303366,0.3932374052720907,0.014255869763987,No,No
16,intrinsically-disordered,2026-08-18 14:51 UTC,Not submitted,0.970237825164814,0.0291310973306856,1.0615073409553488,0.018449756878305,-0.0357576422419809,0.0484206463152123,0.600956127632955,0.0183692225978885,0.4372396811491401,0.0146357928466041,No,No
