pdb_id,isoform,uniprot,title,method,resolution_A,release_date,mw_kda,n_polymer_entities,n_nonpolymer_entities,polymer_composition,has_heme,heme_comp_ids,n_drug_like_ligands,drug_like_ligand_ids,drug_like_ligand_names,drug_like_ligand_smiles,all_ligand_comp_ids,pubmed_id,doi,citation_year
1OG2,CYP2C9,P11712,Structure of human cytochrome P450 CYP2C9,X-RAY DIFFRACTION,2.6,2003-07-17,109.57,1,1,homomeric protein,True,HEC,0,,,,HEC,12861225.0,10.1038/NATURE01862,2003.0
1OG5,CYP2C9,P11712,Structure of human cytochrome P450 CYP2C9,X-RAY DIFFRACTION,2.55,2003-07-17,110.19,1,2,homomeric protein,True,HEC,1,SWF,S-WARFARIN,CC(=O)C[C@@H](c1ccccc1)C2=C(c3ccccc3OC2=O)O,HEC|SWF,12861225.0,10.1038/NATURE01862,2003.0
1R9O,CYP2C9,P11712,Crystal Structure of P4502C9 with Flurbiprofen bound,X-RAY DIFFRACTION,2.0,2004-06-15,55.28,1,3,homomeric protein,True,HEM,1,FLP,FLURBIPROFEN,C[C@@H](c1ccc(c(c1)F)c2ccccc2)C(=O)O,FLP|GOL|HEM,15181000.0,10.1074/jbc.M405427200,2004.0
1TQN,CYP3A4,P08684,Crystal Structure of Human Microsomal P450 3A4,X-RAY DIFFRACTION,2.05,2004-07-27,56.21,1,1,homomeric protein,True,HEM,0,,,,HEM,15258162.0,10.1074/jbc.C400293200,2004.0
1W0E,CYP3A4,P08684,Crystal structure of human cytochrome P450 3A4,X-RAY DIFFRACTION,2.8,2004-07-22,56.1,1,1,homomeric protein,True,HEM,0,,,,HEM,15256616.0,10.1126/SCIENCE.1099736,2004.0
1W0F,CYP3A4,P08684,Crystal structure of human cytochrome P450 3A4,X-RAY DIFFRACTION,2.65,2004-07-22,56.41,1,2,homomeric protein,True,HEM,1,STR,PROGESTERONE,CC(=O)[C@H]1CC[C@@H]2[C@@]1(CC[C@H]3[C@H]2CCC4=CC(=O)CC[C@]34C)C,HEM|STR,15256616.0,10.1126/SCIENCE.1099736,2004.0
1W0G,CYP3A4,P08684,Crystal structure of human cytochrome P450 3A4,X-RAY DIFFRACTION,2.73,2004-07-22,56.32,1,2,homomeric protein,True,HEM,1,MYT,METYRAPONE,CC(C)(c1cccnc1)C(=O)c2cccnc2,HEM|MYT,15256616.0,10.1126/SCIENCE.1099736,2004.0
2F9Q,CYP2D6,P10635,Crystal Structure of Human Cytochrome P450 2D6,X-RAY DIFFRACTION,3.002,2005-12-20,217.89,1,2,homomeric protein,True,HEM,0,,,,HEM|SO4,16352597.0,10.1074/jbc.M511232200,2006.0
2HI4,CYP1A2,P05177,Crystal Structure of Human Microsomal P450 1A2 in complex with alpha-naphthoflavone,X-RAY DIFFRACTION,1.95,2007-02-20,57.18,1,2,homomeric protein,True,HEM,1,BHF,2-PHENYL-4H-BENZO[H]CHROMEN-4-ONE,c1ccc(cc1)C2=CC(=O)c3ccc4ccccc4c3O2,BHF|HEM,17311915.0,10.1074/jbc.M611692200,2007.0
2J0D,CYP3A4,P08684,Crystal structure of human P450 3A4 in complex with erythromycin,X-RAY DIFFRACTION,2.75,2006-09-04,112.93,1,2,homomeric protein,True,HEM,1,ERY,ERYTHROMYCIN A,CC[C@@H]1[C@@]([C@@H]([C@H](C(=O)[C@@H](C[C@@]([C@@H]([C@H]([C@@H]([C@H](C(=O)O1)C)O[C@H]2C[C@@]([C@H]([C@@H](O2)C)O)(C)OC)C)O[C@H]3[C@@H]([C@H](C[C@H](O3)C)N(C)C)O)(C)O)C)C)O)(C)O,ERY|HEM,16954191.0,10.1073/PNAS.0603236103,2006.0
2V0M,CYP3A4,P08684,Crystal structure of human P450 3A4 in complex with ketoconazole,X-RAY DIFFRACTION,2.8,2007-06-26,228.64,1,2,homomeric protein,True,HEM,1,KLN,"1-ACETYL-4-(4-{[(2S,4R)-2-(2,4-DICHLOROPHENYL)-2-(1H-IMIDAZO",CC(=O)N1CCN(CC1)c2ccc(cc2)OC[C@@H]3CO[C@@](O3)(Cn4ccnc4)c5ccc(cc5Cl)Cl,HEM|KLN,16954191.0,10.1073/PNAS.0603236103,2006.0
3NXU,CYP3A4,P08684,Crystal structure of human cytochrome P4503A4 bound to an inhibitor ritonavir,X-RAY DIFFRACTION,2.0,2010-10-20,114.11,1,3,homomeric protein,True,HEM,1,RIT,RITONAVIR,CC(C)c1nc(cs1)CN(C)C(=O)N[C@@H](C(C)C)C(=O)N[C@@H](Cc2ccccc2)C[C@@H]([C@H](Cc3ccccc3)NC(=O)OCc4cncs4)O,DMS|HEM|RIT,20937904.0,10.1073/pnas.1010693107,2010.0
3QM4,CYP2D6,P10635,Human Cytochrome P450 (CYP) 2D6 - Prinomastat Complex,X-RAY DIFFRACTION,2.85,2012-02-15,109.6,1,3,homomeric protein,True,HEM,1,PN0,Prinomastat,CC1([C@@H](N(CCS1)S(=O)(=O)c2ccc(cc2)Oc3ccncc3)C(=O)NO)C,HEM|NI|PN0,22308038.0,10.1074/jbc.M111.307918,2012.0
3TBG,CYP2D6,P10635,Human cytochrome P450 2D6 with two thioridazines bound in active site,X-RAY DIFFRACTION,2.1,2012-08-08,221.55,1,5,homomeric protein,True,HEM,1,RTZ,10-{2-[(2R)-1-methylpiperidin-2-yl]ethyl}-2-(methylsulfanyl),C[N@]1CCCC[C@@H]1CCN2c3ccccc3Sc4c2cc(cc4)SC,GOL|HEM|PO4|RTZ|ZN,25555909.0,10.1074/jbc.M114.627661,2015.0
3TDA,CYP2D6,P10635,Competitive replacement of thioridazine by prinomastat in crystals of cytochrome P450 2D6,X-RAY DIFFRACTION,2.67,2012-08-15,219.41,1,3,homomeric protein,True,HEM,1,PN0,Prinomastat,CC1([C@@H](N(CCS1)S(=O)(=O)c2ccc(cc2)Oc3ccncc3)C(=O)NO)C,HEM|PN0|ZN,25555909.0,10.1074/jbc.M114.627661,2015.0
3TJS,CYP3A4,P08684,Crystal Structure of the complex between human cytochrome P450 3A4 and desthiazolylmethyloxycarbonyl ritonavir,X-RAY DIFFRACTION,2.25,2012-03-07,56.95,1,2,homomeric protein,True,HEM,1,D0R,"N-[(2S,4S,5S)-5-amino-4-hydroxy-1,6-diphenylhexan-2-yl]-N~2~",CC(C)c1nc(cs1)CN(C)C(=O)N[C@@H](C(C)C)C(=O)N[C@@H](Cc2ccccc2)C[C@@H]([C@H](Cc3ccccc3)N)O,D0R|HEM,22410611.0,10.1016/j.abb.2012.02.018,2012.0
3UA1,CYP3A4,P08684,Crystal structure of the cytochrome P4503A4-bromoergocryptine complex,X-RAY DIFFRACTION,2.15,2011-12-14,57.03,1,2,homomeric protein,True,HEM,1,08Y,bromoergocryptine,CC(C)C[C@H]1C(=O)N2CCC[C@H]2[C@]3(N1C(=O)[C@](O3)(C(C)C)NC(=O)[C@H]4CN([C@@H]5Cc6c7c(cccc7[nH]c6Br)C5=C4)C)O,08Y|HEM,22157006.0,10.1074/jbc.M111.317081,2012.0
4D6Z,CYP3A4,P08684,Cytochrome P450 3A4 bound to imidazole and an inhibitor,X-RAY DIFFRACTION,1.93,2015-09-23,57.02,1,4,homomeric protein,True,HEM,1,PK9,tert-butyl {6-oxo-6-[(pyridin-3-ylmethyl)amino]hexyl}carbama,CC(C)(C)OC(=O)NCCCCCC(=O)NCc1cccnc1,GOL|HEM|IMD|PK9,26371436.0,10.1021/ACS.JMEDCHEM.5B01146,2016.0
4D75,CYP3A4,P08684,Cytochrome P450 3A4 bound to an inhibitor,X-RAY DIFFRACTION,2.25,2015-09-23,56.58,1,2,homomeric protein,True,HEM,1,PK9,tert-butyl {6-oxo-6-[(pyridin-3-ylmethyl)amino]hexyl}carbama,CC(C)(C)OC(=O)NCCCCCC(=O)NCc1cccnc1,HEM|PK9,26371436.0,10.1021/ACS.JMEDCHEM.5B01146,2016.0
4D78,CYP3A4,P08684,Cytochrome P450 3A4 bound to an inhibitor,X-RAY DIFFRACTION,2.8,2015-09-23,56.99,1,3,homomeric protein,True,HEM,1,J9K,tert-butyl [(2S)-1-({3-oxo-3-[(pyridin-3-ylmethyl)amino]prop,CC(C)(C)OC(=O)N[C@@H](Cc1ccccc1)CSCCC(=O)NCc2cccnc2,GOL|HEM|J9K,26371436.0,10.1021/ACS.JMEDCHEM.5B01146,2016.0
4D7D,CYP3A4,P08684,Cytochrome P450 3A4 bound to an inhibitor,X-RAY DIFFRACTION,2.76,2015-09-23,56.84,1,2,homomeric protein,True,HEM,1,PKT,tert-butyl [(2S)-1-(1H-indol-3-yl)-3-({3-oxo-3-[(pyridin-3-y,CC(C)(C)OC(=O)N[C@@H](Cc1c[nH]c2c1cccc2)CSCCC(=O)NCc3cccnc3,HEM|PKT,26371436.0,10.1021/ACS.JMEDCHEM.5B01146,2016.0
4I3Q,CYP3A4,P08684,Crystal structure of human CYP3A4 coordinated to a water molecule,X-RAY DIFFRACTION,2.602,2013-04-24,56.37,1,1,homomeric protein,True,HEM,0,,,,HEM,23586711.0,10.1021/jm400288z,2013.0
4I4G,CYP3A4,P08684,Crystal structure of CYP3A4 ligated to oxazole-substituted desoxyritonavir,X-RAY DIFFRACTION,2.718,2013-04-24,57.06,1,2,homomeric protein,True,HEM,1,Z8Z,"N~2~-(methyl{[2-(propan-2-yl)-1,3-thiazol-4-yl]methyl}carbam",CC(C)c1nc(cs1)CN(C)C(=O)N[C@@H](C(C)C)C(=O)N[C@H](CC[C@H](Cc2ccccc2)NC(=O)OCc3cnco3)Cc4ccccc4,HEM|Z8Z,23586711.0,10.1021/jm400288z,2013.0
4I4H,CYP3A4,P08684,Crystal structure of CYP3A4 ligated to pyridine-substituted desoxyritonavir,X-RAY DIFFRACTION,2.9,2013-04-24,57.07,1,2,homomeric protein,True,HEM,1,Z9Z,"pyridin-3-ylmethyl [(2R,5S)-5-{[N-(methyl{[2-(propan-2-yl)-1",CC(C)c1nc(cs1)CN(C)C(=O)N[C@H](C(C)C)C(=O)N[C@@H](CC[C@H](Cc2ccccc2)NC(=O)OCc3cccnc3)Cc4ccccc4,HEM|Z9Z,23586711.0,10.1021/jm400288z,2013.0
4K9T,CYP3A4,P08684,Complex of CYP3A4 with a desoxyritonavir analog,X-RAY DIFFRACTION,2.5,2013-06-19,57.42,1,2,homomeric protein,True,HEM,1,1RD,"N~2~-(methyl{[2-(propan-2-yl)-1,3-thiazol-4-yl]methyl}carbam",CC(C)c1nc(cs1)CN(C)C(=O)N[C@@H](C(C)C)C(=O)NCCCCNC(=O)OCc2cncs2,1RD|HEM,23746300.0,10.1021/bi4005396,2013.0
4K9U,CYP3A4,P08684,Complex of human CYP3A4 with a desoxyritonavir analog,X-RAY DIFFRACTION,2.85,2013-06-19,57.48,1,2,homomeric protein,True,HEM,1,5AW,"N~2~-(methyl{[2-(propan-2-yl)-1,3-thiazol-4-yl]methyl}carbam",C[C@@H](CC[C@H](C)NC(=O)OCc1cncs1)NC(=O)[C@@H](C(C)C)NC(=O)N(C)Cc2csc(n2)C(C)C,5AW|HEM,23746300.0,10.1021/bi4005396,2013.0
4K9V,CYP3A4,P08684,Complex of CYP3A4 with a desoxyritonavir analog,X-RAY DIFFRACTION,2.6,2013-06-19,56.94,1,2,homomeric protein,True,HEM,1,6AW,"1,3-thiazol-5-ylmethyl [(3S,6S)-6-{[N-(methyl{[2-(propan-2-y",CC[C@@H](CC[C@H](CC)NC(=O)OCc1cncs1)NC(=O)[C@H](CO)NC(=O)N(C)Cc2csc(n2)C(C)C,6AW|HEM,23746300.0,10.1021/bi4005396,2013.0
4K9W,CYP3A4,P08684,Complex of human CYP3A4 with a desoxyritonavir analog,X-RAY DIFFRACTION,2.399,2013-06-19,228.12,1,2,homomeric protein,True,HEM,1,7AW,"N~2~-(methyl{[2-(propan-2-yl)-1,3-thiazol-4-yl]methyl}carbam",CCC[C@@H](CC[C@H](Cc1ccccc1)NC(=O)[C@H](C(C)C)NC(=O)N(C)Cc2csc(n2)C(C)C)NC(=O)OCc3cncs3,7AW|HEM,23746300.0,10.1021/bi4005396,2013.0
4K9X,CYP3A4,P08684,Complex of human CYP3A4 with a desoxyritonavir analog,X-RAY DIFFRACTION,2.76,2013-06-19,56.87,1,2,homomeric protein,True,HEM,1,8AW,"1,3-thiazol-5-ylmethyl [(2R,5R)-5-{[(2S)-2-methylbutanoyl]am",CC[C@H](C)C(=O)N[C@H](CC[C@H](Cc1ccccc1)NC(=O)OCc2cncs2)Cc3ccccc3,8AW|HEM,23746300.0,10.1021/bi4005396,2013.0
4NY4,CYP3A4,P08684,Crystal structure of CYP3A4 in complex with an inhibitor,X-RAY DIFFRACTION,2.95,2014-08-13,56.43,1,2,homomeric protein,True,HEM,1,2QH,"(8R)-3,3-difluoro-8-[4-fluoro-3-(pyridin-3-yl)phenyl]-8-(4-m",Cc1cc(ccc1OC)[C@]2(C3=NCC(CN3C(=N2)N)(F)F)c4ccc(c(c4)c5cccnc5)F,2QH|HEM,24642031.0,10.1016/j.drudis.2014.03.012,2014.0
4NZ2,CYP2C9,P11712,Crystal structure of CYP2C9 in complex with an inhibitor,X-RAY DIFFRACTION,2.45,2014-08-13,110.92,1,4,homomeric protein,True,HEM,1,2QJ,"(2R)-N-{4-[(3-bromophenyl)sulfonyl]-2-chlorophenyl}-3,3,3-tr",C[C@@](C(=O)Nc1ccc(cc1Cl)S(=O)(=O)c2cccc(c2)Br)(C(F)(F)F)O,2QJ|GOL|HEM|SO4,24642031.0,10.1016/j.drudis.2014.03.012,2014.0
4WNT,CYP2D6,P10635,Human Cytochrome P450 2D6 Ajmalicine Complex,X-RAY DIFFRACTION,2.6,2015-01-14,109.6,1,3,homomeric protein,True,HEM,1,AJN,Ajmalicine,C[C@H]1[C@H]2CN3CCc4c5ccccc5[nH]c4[C@@H]3C[C@@H]2C(=CO1)C(=O)OC,AJN|HEM|ZN,25555909.0,10.1074/jbc.M114.627661,2015.0
4WNU,CYP2D6,P10635,Human Cytochrome P450 2D6 Quinidine Complex,X-RAY DIFFRACTION,2.26,2015-01-14,220.25,1,5,homomeric protein,True,HEM,1,QDN,Quinidine,COc1ccc2c(c1)c(ccn2)[C@@H]([C@H]3C[C@@H]4CC[N@]3C[C@@H]4C=C)O,DMS|GOL|HEM|QDN|ZN,25555909.0,10.1074/jbc.M114.627661,2015.0
4WNV,CYP2D6,P10635,Human Cytochrome P450 2D6 Quinine Complex,X-RAY DIFFRACTION,2.35,2015-01-14,219.83,1,5,homomeric protein,True,HEM,1,QI9,Quinine,COc1ccc2c(c1)c(ccn2)[C@H]([C@@H]3C[C@@H]4CC[N@]3C[C@@H]4C=C)O,GOL|HEM|NA|QI9|ZN,25555909.0,10.1074/jbc.M114.627661,2015.0
4WNW,CYP2D6,P10635,Human Cytochrome P450 2D6 Thioridazine Complex,X-RAY DIFFRACTION,3.299,2015-01-14,109.54,1,4,homomeric protein,True,HEM,1,RTZ,10-{2-[(2R)-1-methylpiperidin-2-yl]ethyl}-2-(methylsulfanyl),C[N@]1CCCC[C@@H]1CCN2c3ccccc3Sc4c2cc(cc4)SC,HEM|NA|NI|RTZ,25555909.0,10.1074/jbc.M114.627661,2015.0
4XRY,CYP2D6,P10635,Human Cytochrome P450 2D6 BACE1 Inhibitor 5 Complex,X-RAY DIFFRACTION,2.5,2015-05-20,219.96,1,3,homomeric protein,True,HEM,1,SI5,"(4aR,6R,8aS)-8a-(2,4-difluorophenyl)-6-(1-methyl-1H-pyrazol-",Cn1cc(cn1)[C@H]2C[C@H]3CSC(=N[C@]3(CO2)c4ccc(cc4F)F)N,HEM|SI5|ZN,25781223.0,10.1021/acs.jmedchem.5b00191,2015.0
4XRZ,CYP2D6,P10635,Human Cytochrome P450 2D6 BACE1 Inhibitor 6 Complex,X-RAY DIFFRACTION,2.4,2015-05-20,220.04,1,5,homomeric protein,True,HEM,1,SI6,"(4aR,6R,8aS)-8a-(2,4-difluorophenyl)-6-(1H-pyrazol-4-yl)-4,4",c1cc(c(cc1F)F)[C@]23CO[C@H](C[C@H]2CSC(=N3)N)c4c[nH]nc4,GOL|HEM|NA|SI6|ZN,25781223.0,10.1021/acs.jmedchem.5b00191,2015.0
5A1P,CYP3A4,P08684,Crystal structure of cytochrome P450 3A4 bound to progesterone and citrate,X-RAY DIFFRACTION,2.5,2015-06-24,56.88,1,3,homomeric protein,True,HEM,1,STR,PROGESTERONE,CC(=O)[C@H]1CC[C@@H]2[C@@]1(CC[C@H]3[C@H]2CCC4=CC(=O)CC[C@]34C)C,CIT|HEM|STR,26066995.0,10.1021/ACS.BIOCHEM.5B00510,2015.0
5A1R,CYP3A4,P08684,Crystal structure of cytochrome P450 3A4 bound to progesterone,X-RAY DIFFRACTION,2.45,2015-06-24,56.69,1,2,homomeric protein,True,HEM,1,STR,PROGESTERONE,CC(=O)[C@H]1CC[C@@H]2[C@@]1(CC[C@H]3[C@H]2CCC4=CC(=O)CC[C@]34C)C,HEM|STR,26066995.0,10.1021/ACS.BIOCHEM.5B00510,2015.0
5A5I,CYP2C9,P11712,Cytochrome 2C9 P450 inhibitor complex,X-RAY DIFFRACTION,2.0,2016-08-24,55.32,1,2,homomeric protein,True,HEM,1,XI1,"N-[4-(3-chloranyl-4-cyano-phenoxy)cyclohexyl]-1,1,1-tris(flu",c1cc(c(cc1OC2CCC(CC2)NS(=O)(=O)C(F)(F)F)Cl)C#N,HEM|XI1,,10.1039/C6MD00011H,2016.0
5A5J,CYP2C9,P11712,Cytochrome 2C9 P450 inhibitor complex,X-RAY DIFFRACTION,2.9,2016-08-03,55.38,1,2,homomeric protein,True,HEM,1,6YF,"N-[4-(3-chloranyl-4-cyano-phenoxy)-3,5-dimethoxy-phenyl]-1,1",COc1cc(cc(c1Oc2ccc(c(c2)Cl)C#N)OC)NS(=O)(=O)C(F)(F)F,6YF|HEM,,,
5G5J,CYP3A4,P08684,Crystal structure of human CYP3A4 bound to metformin,X-RAY DIFFRACTION,2.6,2017-06-07,56.5,1,2,homomeric protein,True,HEM,1,MF8,Metformin,[H]/N=C(/N)\N/C(=N\[H])/N(C)C,HEM|MF8,28919040.0,10.1016/j.chembiol.2017.08.009,2017.0
5K7K,CYP2C9,P11712,Design and Optimization of Biaryl Ether Aryl Sulfonamides as Selective Inhibitors of NaV1.7: Discovery of Clinical Candidate PF-05089771,X-RAY DIFFRACTION,2.3,2017-06-07,55.4,1,2,homomeric protein,True,HEM,1,6RJ,4-[4-chloranyl-2-(1~{H}-pyrazol-4-yl)phenoxy]-3-cyano-~{N}-(,c1cc(c(cc1S(=O)(=O)Nc2nccs2)C#N)Oc3ccc(cc3c4c[nH]nc4)Cl,6RJ|HEM,28682065.0,10.1021/acs.jmedchem.7b00598,2017.0
5TE8,CYP3A4,P08684,Crystal structure of the midazolam-bound human CYP3A4,X-RAY DIFFRACTION,2.7,2016-12-07,170.1,1,2,homomeric protein,True,HEM,1,08J,"8-chloro-6-(2-fluorophenyl)-1-methyl-4H-imidazo[1,5-a][1,4]b",Cc1ncc2n1-c3ccc(cc3C(=NC2)c4ccccc4F)Cl,08J|HEM,28031486.0,10.1073/pnas.1616198114,2017.0
5TFT,CYP2D6,P10635,Structure of cytochrome P450 2D6 (CYP2D6) BACE1 inhibitor complex,X-RAY DIFFRACTION,2.71,2017-01-11,219.23,1,3,homomeric protein,True,HEM,1,P6U,"(4S)-4-[2,4-difluoro-5-({[1-(trifluoromethyl)cyclopropyl]ami",C[C@]1(CCSC(=N1)N)c2cc(c(cc2F)F)CNC3(CC3)C(F)(F)F,HEM|P6U|ZN,27997172.0,10.1021/acs.jmedchem.6b01451,2017.0
5TFU,CYP2D6,P10635,Structure of cytochrome P450 2D6 (CYP2D6) BACE1 inhibitor complex,X-RAY DIFFRACTION,2.75,2017-01-11,219.29,1,3,homomeric protein,True,HEM,1,P6M,"(4S,6R)-4-[2,4-difluoro-5-({[1-(trifluoromethyl)cyclopropyl]",C[C@@H]1C[C@@](N=C(S1)N)(C)c2cc(c(cc2F)F)CNC3(CC3)C(F)(F)F,HEM|P6M|ZN,27997172.0,10.1021/acs.jmedchem.6b01451,2017.0
5VC0,CYP3A4,P08684,Crystal structure of human CYP3A4 bound to ritonavir,X-RAY DIFFRACTION,2.7,2017-05-31,57.1,1,2,homomeric protein,True,HEM,1,RIT,RITONAVIR,CC(C)c1nc(cs1)CN(C)C(=O)N[C@@H](C(C)C)C(=O)N[C@@H](Cc2ccccc2)C[C@@H]([C@H](Cc3ccccc3)NC(=O)OCc4cncs4)O,HEM|RIT,28590129.0,10.1021/acs.biochem.7b00334,2017.0
5VCC,CYP3A4,P08684,Crystal structure of human CYP3A4 bound to glycerol,X-RAY DIFFRACTION,1.7,2017-05-31,57.86,1,3,homomeric protein,True,HEM,0,,,,EDO|GOL|HEM,28590129.0,10.1021/acs.biochem.7b00334,2017.0
5VCD,CYP3A4,P08684,Crystal structure of the cysteine depleted CYP3A4 bound to glycerol,X-RAY DIFFRACTION,1.95,2017-05-31,57.39,1,2,homomeric protein,True,HEM,0,,,,GOL|HEM,28590129.0,10.1021/acs.biochem.7b00334,2017.0
5VCE,CYP3A4,P08684,Crystal structure of the cysteine depleted CYP3A4 bound to ritonavir,X-RAY DIFFRACTION,2.2,2017-05-31,57.01,1,2,homomeric protein,True,HEM,1,RIT,RITONAVIR,CC(C)c1nc(cs1)CN(C)C(=O)N[C@@H](C(C)C)C(=O)N[C@@H](Cc2ccccc2)C[C@@H]([C@H](Cc3ccccc3)NC(=O)OCc4cncs4)O,HEM|RIT,28590129.0,10.1021/acs.biochem.7b00334,2017.0
5VCG,CYP3A4,P08684,Crystal structure of the cysteine depleted CYP3A4 bound to bromoergocryptine,X-RAY DIFFRACTION,2.2,2017-05-31,57.31,1,3,homomeric protein,True,HEM,1,08Y,bromoergocryptine,CC(C)C[C@H]1C(=O)N2CCC[C@H]2[C@]3(N1C(=O)[C@](O3)(C(C)C)NC(=O)[C@H]4CN([C@@H]5Cc6c7c(cccc7[nH]c6Br)C5=C4)C)O,08Y|GOL|HEM,28590129.0,10.1021/acs.biochem.7b00334,2017.0
5W0C,CYP2C9,P11712,Cytochrome P450 (CYP) 2C9 TCA007 Inhibitor Complex,X-RAY DIFFRACTION,2.001,2017-09-13,55.41,1,3,homomeric protein,True,HEM,1,9W6,"ethyl {2-[([1,3]thiazolo[4,5-c]pyridine-2-carbonyl)amino]thi",CCOC(=O)NC(=O)c1ccsc1NC(=O)c2nc3cnccc3s2,9W6|GOL|HEM,28815830.0,10.1002/anie.201707324,2017.0
5X23,CYP2C9,P11712,Crystal structure of CYP2C9 genetic variant A477T (*30) in complex with multiple losartan molecules,X-RAY DIFFRACTION,2.0,2017-10-25,56.29,1,4,homomeric protein,True,HEM,1,LSN,"[2-butyl-5-chloranyl-3-[[4-[2-(2H-1,2,3,4-tetrazol-5-yl)phen",CCCCc1nc(c(n1Cc2ccc(cc2)c3ccccc3c4n[nH]nn4)CO)Cl,HEM|K|LSN|PO4,28972767.0,10.1021/acs.biochem.7b00795,2017.0
5X24,CYP2C9,P11712,Crystal structure of CYP2C9 genetic variant I359L (*3) in complex with multiple losartan molecules,X-RAY DIFFRACTION,2.48,2017-10-25,55.83,1,4,homomeric protein,True,HEM,1,LSN,"[2-butyl-5-chloranyl-3-[[4-[2-(2H-1,2,3,4-tetrazol-5-yl)phen",CCCCc1nc(c(n1Cc2ccc(cc2)c3ccccc3c4n[nH]nn4)CO)Cl,HEM|K|LSN|PO4,28972767.0,10.1021/acs.biochem.7b00795,2017.0
5XXI,CYP2C9,P11712,Crystal structure of CYP2C9 in complex with multiple losartan molecules,X-RAY DIFFRACTION,2.3,2017-10-25,54.69,1,3,homomeric protein,True,HEM,1,LSN,"[2-butyl-5-chloranyl-3-[[4-[2-(2H-1,2,3,4-tetrazol-5-yl)phen",CCCCc1nc(c(n1Cc2ccc(cc2)c3ccccc3c4n[nH]nn4)CO)Cl,HEM|K|LSN,28972767.0,10.1021/acs.biochem.7b00795,2017.0
6BCZ,CYP3A4,P08684,Crystal structure of human CYP3A4 bound to an inhibitor,X-RAY DIFFRACTION,2.23,2017-12-13,56.77,1,2,homomeric protein,True,HEM,1,D7Y,tert-butyl (2-{[(2R)-3-oxo-2-[(propan-2-yl)amino]-3-{[(pyrid,CC(C)N[C@@H](CSCCNC(=O)OC(C)(C)C)C(=O)NCc1cccnc1,D7Y|HEM,29232137.0,10.1021/acs.molpharmaceut.7b00957,2018.0
6BD5,CYP3A4,P08684,Crystal structure of human CYP3A4 bound to an inhibitor,X-RAY DIFFRACTION,2.5,2017-12-13,56.8,1,2,homomeric protein,True,HEM,1,D7M,tert-butyl (2-{[(2R)-2-(cyclopentylamino)-3-oxo-3-{[(pyridin,CC(C)(C)OC(=O)NCCSC[C@@H](C(=O)NCc1cccnc1)NC2CCCC2,D7M|HEM,29232137.0,10.1021/acs.molpharmaceut.7b00957,2018.0
6BD6,CYP3A4,P08684,Crystal structure of human CYP3A4 bound to an inhibitor,X-RAY DIFFRACTION,2.5,2017-12-13,56.8,1,2,homomeric protein,True,HEM,1,80K,tert-butyl (2-{[(2S)-3-oxo-2-(phenylamino)-3-{[(pyridin-3-yl,CC(C)(C)OC(=O)NCCSC[C@H](C(=O)NCc1cccnc1)Nc2ccccc2,80K|HEM,29232137.0,10.1021/acs.molpharmaceut.7b00957,2018.0
6BD7,CYP3A4,P08684,Crystal structure of human CYP3A4 bound to an inhibitor,X-RAY DIFFRACTION,2.42,2017-12-13,56.86,1,2,homomeric protein,True,HEM,1,D7J,tert-butyl [(2S)-1-{[(2R)-3-oxo-2-[(propan-2-yl)amino]-3-{[(,CC(C)N[C@@H](CSC[C@H](Cc1ccccc1)NC(=O)OC(C)(C)C)C(=O)NCc2cccnc2,D7J|HEM,,,2017.0
6BD8,CYP3A4,P08684,Crystal structure of human CYP3A4 bound to an inhibitor,X-RAY DIFFRACTION,2.38,2017-12-13,56.89,1,2,homomeric protein,True,HEM,1,D81,S-{(2S)-2-[(1-tert-butoxyethenyl)amino]-3-phenylpropyl}-N~2~,CC(C)(C)OC(=C)N[C@@H](Cc1ccccc1)CSC[C@@H](C(=O)NCc2cccnc2)NC3CCCC3,D81|HEM,,,2017.0
6BDH,CYP3A4,P08684,Crystal structure of human CYP3A4 bound to an inhibitor,X-RAY DIFFRACTION,2.25,2017-12-13,56.89,1,2,homomeric protein,True,HEM,1,DEV,tert-butyl [(2S)-1-{[(2S)-3-oxo-2-(phenylamino)-3-{[(pyridin,CC(C)(C)OC(=O)N[C@@H](Cc1ccccc1)CSC[C@H](C(=O)NCc2cccnc2)Nc3ccccc3,DEV|HEM,,,2017.0
6BDI,CYP3A4,P08684,Crystal structure of human CYP3A4 bound to an inhibitor,X-RAY DIFFRACTION,2.57,2017-12-13,56.9,1,2,homomeric protein,True,HEM,1,DEJ,tert-butyl [(2S)-1-(1H-indol-3-yl)-3-{[(2R)-3-oxo-2-[(propan,CC(C)N[C@@H](CSC[C@H](Cc1c[nH]c2c1cccc2)NC(=O)OC(C)(C)C)C(=O)NCc3cccnc3,DEJ|HEM,,,2017.0
6BDK,CYP3A4,P08684,Crystal structure of human CYP3A4 bound to an inhibitor,X-RAY DIFFRACTION,2.67,2017-12-13,56.93,1,2,homomeric protein,True,HEM,1,DJ1,tert-butyl [(2S)-1-{[(2R)-2-(cyclopentylamino)-3-oxo-3-{[(py,CC(C)(C)OC(=O)N[C@@H](Cc1c[nH]c2c1cccc2)CSC[C@@H](C(=O)NCc3cccnc3)NC4CCCC4,DJ1|HEM,29232137.0,10.1021/acs.molpharmaceut.7b00957,2018.0
6BDM,CYP3A4,P08684,Crystal structure of human CYP3A4 bound to an inhibitor,X-RAY DIFFRACTION,2.6,2017-12-13,56.93,1,2,homomeric protein,True,HEM,1,Y83,tert-butyl [(2S)-1-(1H-indol-3-yl)-3-{[(2S)-3-oxo-2-(phenyla,CC(C)(C)OC(=O)N[C@@H](Cc1c[nH]c2c1cccc2)CSC[C@H](C(=O)NCc3cccnc3)Nc4ccccc4,HEM|Y83,,,2017.0
6CSB,CYP2D6,P10635,V308E mutant of cytochrome P450 2D6 complexed with thioridazine,X-RAY DIFFRACTION,2.394,2019-03-27,222.35,1,6,homomeric protein,True,HEM,2,2CV|RTZ,10-{2-[(2R)-1-methylpiperidin-2-yl]ethyl}-2-(methylsulfanyl); HEGA-10,C[N@]1CCCC[C@@H]1CCN2c3ccccc3Sc4c2cc(cc4)SC; CCCCCCCCCC(=O)N(CCO)C[C@H]([C@H]([C@H]([C@H](CO)O)O)O)O,2CV|ACT|GOL|HEM|RTZ|ZN,,,
6CSD,CYP2D6,P10635,V308E mutant of cytochrome P450 2D6 complexed with prinomastat,X-RAY DIFFRACTION,2.391,2019-03-27,111.22,1,4,homomeric protein,True,HEM,2,CPS|PN0,3-[(3-CHOLAMIDOPROPYL)DIMETHYLAMMONIO]-1-PROPANESULFONATE; Prinomastat,CC1([C@@H](N(CCS1)S(=O)(=O)c2ccc(cc2)Oc3ccncc3)C(=O)NO)C; C[C@H](CCC(=O)NCCC[N+](C)(C)CCCS(=O)(=O)[O-])[C@H]1CC[C@@H]2[C@@]1([C@H](C[C@H]3[C@H]2[C@@H](C[C@H]4[C@@]3(CC[C@H](C4)O)C)O)O)C,CPS|HEM|PN0|ZN,,,
6DA2,CYP3A4,P08684,Human CYP3A4 bound to an inhibitor,X-RAY DIFFRACTION,2.65,2019-04-03,56.97,1,3,homomeric protein,True,HEM,1,G0D,tert-butyl [(2R)-1-{[(2R)-1-oxo-3-phenyl-1-{[(pyridin-3-yl)m,CC(C)(C)OC(=O)N[C@H](Cc1ccccc1)CS[C@H](Cc2ccccc2)C(=O)NCc3cccnc3,G0D|GOL|HEM,30912932.0,10.1021/acs.biochem.9b00156,2019.0
6DA3,CYP3A4,P08684,Human CYP3A4 bound to an inhibitor,X-RAY DIFFRACTION,2.37,2019-04-03,56.88,1,2,homomeric protein,True,HEM,1,G0D,tert-butyl [(2R)-1-{[(2R)-1-oxo-3-phenyl-1-{[(pyridin-3-yl)m,CC(C)(C)OC(=O)N[C@H](Cc1ccccc1)CS[C@H](Cc2ccccc2)C(=O)NCc3cccnc3,G0D|HEM,30912932.0,10.1021/acs.biochem.9b00156,2019.0
6DA5,CYP3A4,P08684,Human CYP3A4 bound to an inhibitor,X-RAY DIFFRACTION,2.25,2019-04-03,56.88,1,2,homomeric protein,True,HEM,1,G1J,tert-butyl [(2R)-1-{[(2S)-1-oxo-3-phenyl-1-{[(pyridin-3-yl)m,CC(C)(C)OC(=O)N[C@H](Cc1ccccc1)CS[C@@H](Cc2ccccc2)C(=O)NCc3cccnc3,G1J|HEM,30912932.0,10.1021/acs.biochem.9b00156,2019.0
6DA8,CYP3A4,P08684,Human CYP3A4 bound to an inhibitor,X-RAY DIFFRACTION,2.802,2019-04-03,56.86,1,2,homomeric protein,True,HEM,1,G0J,Nalpha-{(2S)-2-[(tert-butoxycarbonyl)amino]-3-phenylpropyl}-,CC(C)(C)OC(=O)N[C@@H](Cc1ccccc1)CN[C@H](Cc2ccccc2)C(=O)NCc3cccnc3,G0J|HEM,30912932.0,10.1021/acs.biochem.9b00156,2019.0
6DAA,CYP3A4,P08684,Human CYP3A4 bound to an inhibitor,X-RAY DIFFRACTION,2.15,2019-04-03,56.88,1,2,homomeric protein,True,HEM,1,G0M,tert-butyl [(2S)-1-{[(2R)-1-oxo-3-phenyl-1-{[(pyridin-3-yl)m,CC(C)(C)OC(=O)N[C@@H](Cc1ccccc1)CS[C@H](Cc2ccccc2)C(=O)NCc3cccnc3,G0M|HEM,30912932.0,10.1021/acs.biochem.9b00156,2019.0
6DAB,CYP3A4,P08684,Human CYP3A4 bound to an inhibitor,X-RAY DIFFRACTION,2.35,2019-04-03,56.99,1,3,homomeric protein,True,HEM,1,G0V,tert-butyl [(2R)-1-{[(2R)-1-oxo-3-phenyl-1-{[2-(pyridin-3-yl,CC(C)(C)OC(=O)N[C@H](Cc1ccccc1)CS[C@H](Cc2ccccc2)C(=O)NCCc3cccnc3,G0V|GOL|HEM,30912932.0,10.1021/acs.biochem.9b00156,2019.0
6DAC,CYP3A4,P08684,Human CYP3A4 bound to an inhibitor,X-RAY DIFFRACTION,2.55,2019-04-03,56.89,1,2,homomeric protein,True,HEM,1,FZV,tert-butyl [(2S)-1-{[(2R)-1-oxo-3-phenyl-1-{[2-(pyridin-3-yl,CC(C)(C)OC(=O)N[C@@H](Cc1ccccc1)CS[C@H](Cc2ccccc2)C(=O)NCCc3cccnc3,FZV|HEM,30912932.0,10.1021/acs.biochem.9b00156,2019.0
6DAG,CYP3A4,P08684,Human CYP3A4 bound to an inhibitor,X-RAY DIFFRACTION,2.8,2019-04-03,56.89,1,2,homomeric protein,True,HEM,1,G0Y,tert-butyl [(2R)-1-{[(2S)-1-oxo-3-phenyl-1-{[2-(pyridin-3-yl,CC(C)(C)OC(=O)N[C@H](Cc1ccccc1)CS[C@@H](Cc2ccccc2)C(=O)NCCc3cccnc3,G0Y|HEM,30912932.0,10.1021/acs.biochem.9b00156,2019.0
6DAJ,CYP3A4,P08684,Human CYP3A4 bound to an inhibitor,X-RAY DIFFRACTION,2.45,2019-04-03,57.13,1,4,homomeric protein,True,HEM,2,FZV|GLN,GLUTAMINE; tert-butyl [(2S)-1-{[(2R)-1-oxo-3-phenyl-1-{[2-(pyridin-3-yl,CC(C)(C)OC(=O)N[C@@H](Cc1ccccc1)CS[C@H](Cc2ccccc2)C(=O)NCCc3cccnc3; C(CC(=O)N)[C@@H](C(=O)O)N,FZV|GLN|GOL|HEM,30912932.0,10.1021/acs.biochem.9b00156,2019.0
6DAL,CYP3A4,P08684,Human CYP3A4 bound to an inhibitor,X-RAY DIFFRACTION,2.65,2019-04-03,56.97,1,3,homomeric protein,True,HEM,1,G1D,Nalpha-{(2S)-2-[(tert-butoxycarbonyl)amino]-3-phenylpropyl}-,CC(C)(C)OC(=O)N[C@@H](Cc1ccccc1)CN[C@H](Cc2ccccc2)C(=O)NCCc3cccnc3,G1D|GOL|HEM,30912932.0,10.1021/acs.biochem.9b00156,2019.0
6MA6,CYP3A4,P08684,Human CYP3A4 bound to an inhibitor metyrapone,X-RAY DIFFRACTION,2.182,2019-01-16,56.75,1,4,homomeric protein,True,HEM,1,MYT,METYRAPONE,CC(C)(c1cccnc1)C(=O)c2cccnc2,EDO|GOL|HEM|MYT,30676743.0,10.1021/acs.biochem.8b01221,2019.0
6MA7,CYP3A4,P08684,Human CYP3A4 bound to an inhibitor fluconazole,X-RAY DIFFRACTION,2.09,2019-01-16,56.82,1,4,homomeric protein,True,HEM,1,TPF,"2-(2,4-DIFLUOROPHENYL)-1,3-DI(1H-1,2,4-TRIAZOL-1-YL)PROPAN-2",c1cc(c(cc1F)F)C(Cn2cncn2)(Cn3cncn3)O,DMS|EDO|HEM|TPF,30676743.0,10.1021/acs.biochem.8b01221,2019.0
6MA8,CYP3A4,P08684,Human CYP3A4 bound to PMSF,X-RAY DIFFRACTION,1.83,2019-01-16,57.25,1,5,homomeric protein,True,HEM,1,PMF,phenylmethylsulfonyl fluoride,c1ccc(cc1)CS(=O)(=O)F,DMS|EDO|GOL|HEM|PMF,30676743.0,10.1021/acs.biochem.8b01221,2019.0
6OO9,CYP3A4,P08684,Human CYP3A4 bound to a drug mibefradil,X-RAY DIFFRACTION,2.25,2019-09-11,57.07,1,4,homomeric protein,True,HEM,1,MWV,"(1S,2S)-2-(2-{[3-(1H-benzimidazol-2-yl)propyl](methyl)amino}",CC(C)[C@H]1c2ccc(cc2CC[C@@]1(CCN(C)CCCc3[nH]c4ccccc4n3)OC(=O)COC)F,DMS|EDO|HEM|MWV,31480231.0,10.3390/ijms20174245,2019.0
6OOA,CYP3A4,P08684,Human CYP3A4 bound to a drug substrate,X-RAY DIFFRACTION,2.52,2019-09-11,56.95,1,3,homomeric protein,True,HEM,1,MWY,"(3aS,4R,5S,6R,8R,9R,9aR,10R)-6-ethyl-5-hydroxy-4,6,9,10-tetr",CC[C@@]1(C[C@H]([C@@]2([C@@H](CC[C@@]3([C@H]2C(=O)CC3)[C@H]([C@@H]1O)C)C)C)OC(=O)CSc4nc([nH]n4)N)C,GOL|HEM|MWY,31480231.0,10.3390/ijms20174245,2019.0
6OOB,CYP3A4,P08684,Human CYP3A4 bound to a suicide substrate,X-RAY DIFFRACTION,2.202,2019-09-11,56.75,1,2,homomeric protein,True,HEM,1,MWS,"4-{[(2Z,6S)-6,7-dihydroxy-3,7-dimethyloct-2-en-1-yl]oxy}-7H-",C/C(=C/COc1c2ccoc2cc3c1C=CC(=O)O3)/CC[C@@H](C(C)(C)O)O,HEM|MWS,31480231.0,10.3390/ijms20174245,2019.0
6UNE,CYP3A4,P08684,Human CYP3A4 bound to an inhibitor,X-RAY DIFFRACTION,2.55,2020-02-05,56.93,1,2,homomeric protein,True,HEM,1,QES,tert-butyl [(2R)-1-(1H-indol-3-yl)-3-{[(2S)-3-oxo-2-(phenyla,CC(C)(C)OC(=O)N[C@H](Cc1c[nH]c2c1cccc2)CSC[C@H](C(=O)NCc3cccnc3)Nc4ccccc4,HEM|QES,32044230.0,10.1016/j.bmc.2020.115349,2020.0
6UNG,CYP3A4,P08684,Human CYP3A4 bound to an inhibitor,X-RAY DIFFRACTION,2.3,2020-02-05,56.95,1,2,homomeric protein,True,HEM,1,QEP,tert-butyl [(2S)-1-(naphthalen-1-yl)-3-{[(2R)-3-oxo-2-(pheny,CC(C)(C)OC(=O)N[C@@H](Cc1cccc2c1cccc2)CSC[C@@H](C(=O)NCc3cccnc3)Nc4ccccc4,HEM|QEP,32044230.0,10.1016/j.bmc.2020.115349,2020.0
6UNH,CYP3A4,P08684,Human CYP3A4 bound to an inhibitor,X-RAY DIFFRACTION,2.72,2020-02-05,56.93,1,2,homomeric protein,True,HEM,1,QEA,tert-butyl [(2R)-1-(1H-indol-3-yl)-3-{[(2S)-1-oxo-3-phenyl-1,CC(C)(C)OC(=O)N[C@H](Cc1c[nH]c2c1cccc2)CS[C@@H](Cc3ccccc3)C(=O)NCCc4cccnc4,HEM|QEA,32044230.0,10.1016/j.bmc.2020.115349,2020.0
6UNI,CYP3A4,P08684,Human CYP3A4 bound to an inhibitor,X-RAY DIFFRACTION,2.602,2020-02-05,56.93,1,2,homomeric protein,True,HEM,1,QDV,tert-butyl [(2S)-1-(1H-indol-3-yl)-3-{[(2R)-1-oxo-3-phenyl-1,CC(C)(C)OC(=O)N[C@@H](Cc1c[nH]c2c1cccc2)CS[C@H](Cc3ccccc3)C(=O)NCCc4cccnc4,HEM|QDV,32044230.0,10.1016/j.bmc.2020.115349,2020.0
6UNJ,CYP3A4,P08684,Human CYP3A4 bound to an inhibitor,X-RAY DIFFRACTION,2.6,2020-02-05,113.89,1,2,homomeric protein,True,HEM,1,QDY,tert-butyl [(2R)-1-(naphthalen-1-yl)-3-{[(2S)-1-oxo-3-phenyl,CC(C)(C)OC(=O)N[C@H](Cc1cccc2c1cccc2)CS[C@@H](Cc3ccccc3)C(=O)NCCc4cccnc4,HEM|QDY,32044230.0,10.1016/j.bmc.2020.115349,2020.0
6UNK,CYP3A4,P08684,Human CYP3A4 bound to an inhibitor,X-RAY DIFFRACTION,2.75,2020-02-05,56.94,1,2,homomeric protein,True,HEM,1,QE4,tert-butyl [(2S)-1-(naphthalen-1-yl)-3-{[(2R)-1-oxo-3-phenyl,CC(C)(C)OC(=O)N[C@@H](Cc1cccc2c1cccc2)CS[C@H](Cc3ccccc3)C(=O)NCCc4cccnc4,HEM|QE4,32044230.0,10.1016/j.bmc.2020.115349,2020.0
6UNL,CYP3A4,P08684,CYP3A4 bound to an inhibitor,X-RAY DIFFRACTION,2.55,2020-02-05,56.98,1,2,homomeric protein,True,HEM,1,QDJ,tert-butyl [(2R)-1-(naphthalen-1-yl)-3-{[(2S)-3-(naphthalen-,CC(C)(C)OC(=O)N[C@H](Cc1cccc2c1cccc2)CS[C@@H](Cc3cccc4c3cccc4)C(=O)NCc5cccnc5,HEM|QDJ,32044230.0,10.1016/j.bmc.2020.115349,2020.0
6UNM,CYP3A4,P08684,CYP3A4 bound to an inhibitor,X-RAY DIFFRACTION,2.83,2020-02-05,113.37,1,2,homomeric protein,True,HEM,1,QDP,tert-butyl [(2S)-1-(naphthalen-1-yl)-3-{[(2S)-3-(naphthalen-,CC(C)(C)OC(=O)N[C@@H](Cc1cccc2c1cccc2)CS[C@@H](Cc3cccc4c3cccc4)C(=O)/N=C/Cc5cccnc5,HEM|QDP,32044230.0,10.1016/j.bmc.2020.115349,2020.0
6VLT,CYP2C9,P11712,Crystal Structure of Human P450 2C9*2 Genetic Variant in Complex with Losartan,X-RAY DIFFRACTION,3.12,2020-09-30,446.01,1,4,homomeric protein,True,HEM,2,CM5|LSN,"5-CYCLOHEXYL-1-PENTYL-BETA-D-MALTOSIDE; [2-butyl-5-chloranyl-3-[[4-[2-(2H-1,2,3,4-tetrazol-5-yl)phen",CCCCc1nc(c(n1Cc2ccc(cc2)c3ccccc3c4n[nH]nn4)CO)Cl; C1CCC(CC1)CCCCCO[C@H]2[C@@H]([C@H]([C@@H]([C@H](O2)CO)O[C@@H]3[C@@H]([C@H]([C@@H]([C@H](O3)CO)O)O)O)O)O,CM5|HEM|LSN|SO4,32938720.0,10.1124/molpharm.120.000042,2020.0
7KS8,CYP3A4,P08684,Crystal structure of human CYP3A4 with the caged inhibitor,X-RAY DIFFRACTION,2.5,2021-06-02,57.41,1,3,homomeric protein,True,HEM,1,X8S,(tert-butyl {1-[(3-oxo-3-{[(pyridin-3-yl-kappaN)methyl]amino,CC1=CC=CC2=[N]1[Ru]34([N]5=CC=CC=C5C6=[N]3C(=CC=C6)C7=CC=CC=[N]47)([N]8=C2C=CC=C8C)[N]9=CC(=CC=C9)CNC(=O)CCSC[C@@H](Cc1ccccc1)NC(=O)OC(C)(C)C,GOL|HEM|X8S,34110801.0,10.1021/jacs.1c04155,2021.0
7KSA,CYP3A4,P08684,Crystal structure of human CYP3A4 with the caged inhibitor,X-RAY DIFFRACTION,2.5,2021-06-02,57.43,1,2,homomeric protein,True,HEM,1,X8P,(tert-butyl {1-[(1-oxo-3-phenyl-1-{[3-(pyridin-3-yl-kappaN)p,CC1=CC=CC2=[N]1[Ru]34([N]5=C(C=CC=C5)C6=[N]3C(=CC=C6)C7=CC=CC=[N]47)([N]8=C2C=CC=C8C)[N]9=CC=CC(=C9)CCCNC(=O)[C@@H](Cc1ccccc1)SC[C@H](Cc1ccccc1)NC(=O)OC(C)(C)C,HEM|X8P,34110801.0,10.1021/jacs.1c04155,2021.0
7KVH,CYP3A4,P08684,Human CYP3A4 bound to an inhibitor,X-RAY DIFFRACTION,2.791,2021-01-20,113.82,1,2,homomeric protein,True,HEM,1,X5Y,tert-butyl [(2S)-1-{[(2R)-1-oxo-3-phenyl-1-{[3-(pyridin-3-yl,CC(C)(C)OC(=O)N[C@@H](Cc1ccccc1)CS[C@H](Cc2ccccc2)C(=O)NCCCc3cccnc3,HEM|X5Y,33467005.0,10.3390/ijms22020852,2021.0
7KVI,CYP3A4,P08684,Human CYP3A4 bound to an inhibitor,X-RAY DIFFRACTION,2.55,2021-01-20,57.0,1,3,homomeric protein,True,HEM,1,X7P,tert-butyl [(2R)-1-{[(2S)-1-oxo-3-phenyl-1-{[3-(pyridin-3-yl,CC(C)(C)OC(=O)N[C@H](Cc1ccccc1)CS[C@@H](Cc2ccccc2)C(=O)NCCCc3cccnc3,GOL|HEM|X7P,33467005.0,10.3390/ijms22020852,2021.0
7KVJ,CYP3A4,P08684,Human CYP3A4 bound to an inhibitor,X-RAY DIFFRACTION,2.65,2021-01-20,56.91,1,2,homomeric protein,True,HEM,1,X7M,tert-butyl [(2S)-1-{[(2S)-1-oxo-3-phenyl-1-{[3-(pyridin-3-yl,CC(C)(C)OC(=O)N[C@@H](Cc1ccccc1)CS[C@@H](Cc2ccccc2)C(=O)NCCCc3cccnc3,HEM|X7M,33467005.0,10.3390/ijms22020852,2021.0
7KVK,CYP3A4,P08684,Human CYP3A4 bound to an inhibitor,X-RAY DIFFRACTION,2.55,2021-01-20,114.02,1,5,homomeric protein,True,HEM,1,X7J,tert-butyl [(2R)-1-{[(2R)-1-oxo-3-phenyl-1-{[3-(pyridin-3-yl,CC(C)(C)OC(=O)N[C@H](Cc1ccccc1)CS[C@H](Cc2ccccc2)C(=O)NCCCc3cccnc3,EDO|GOL|HEM|SO4|X7J,33467005.0,10.3390/ijms22020852,2021.0
7KVM,CYP3A4,P08684,Human CYP3A4 bound to an inhibitor,X-RAY DIFFRACTION,2.75,2021-01-20,56.92,1,2,homomeric protein,True,HEM,1,X71,tert-butyl [(2S)-1-{[(2R)-2-benzyl-3-oxo-3-{[3-(pyridin-3-yl,CC(C)(C)OC(=O)N[C@@H](Cc1ccccc1)CSC[C@H](Cc2ccccc2)C(=O)NCCCc3cccnc3,HEM|X71,33467005.0,10.3390/ijms22020852,2021.0
7KVN,CYP3A4,P08684,Human CYP3A4 bound to an inhibitor,X-RAY DIFFRACTION,2.7,2021-01-20,113.89,1,2,homomeric protein,True,HEM,1,X6V,tert-butyl [(2S)-1-(1H-indol-3-yl)-3-{[(2R)-1-oxo-3-phenyl-1,CC(C)(C)OC(=O)N[C@@H](Cc1c[nH]c2c1cccc2)CS[C@H](Cc3ccccc3)C(=O)NCCCc4cccnc4,HEM|X6V,33467005.0,10.3390/ijms22020852,2021.0
7KVO,CYP3A4,P08684,Human CYP3A4 bound to an inhibitor,X-RAY DIFFRACTION,2.65,2021-01-20,114.01,1,3,homomeric protein,True,HEM,1,X6S,tert-butyl [(2S)-1-(naphthalen-1-yl)-3-{[(2R)-1-oxo-3-phenyl,CC(C)(C)OC(=O)N[C@@H](Cc1cccc2c1cccc2)CS[C@H](Cc3ccccc3)C(=O)NCCCc4cccnc4,HEM|SO4|X6S,33467005.0,10.3390/ijms22020852,2021.0
7KVP,CYP3A4,P08684,Human CYP3A4 bound to an inhibitor,X-RAY DIFFRACTION,2.75,2021-01-20,56.96,1,2,homomeric protein,True,HEM,1,X6J,tert-butyl [(2R)-1-(naphthalen-1-yl)-3-{[(2S)-1-oxo-3-phenyl,CC(C)(C)OC(=O)N[C@H](Cc1cccc2c1cccc2)CS[C@@H](Cc3ccccc3)C(=O)NCCCc4cccnc4,HEM|X6J,33467005.0,10.3390/ijms22020852,2021.0
7KVQ,CYP3A4,P08684,Human CYP3A4 bound to an inhibitor,X-RAY DIFFRACTION,2.75,2021-01-20,114.29,1,5,homomeric protein,True,HEM,1,X7D,tert-butyl [(2S)-1-(naphthalen-1-yl)-3-{[(2S)-1-oxo-3-phenyl,CC(C)(C)OC(=O)N[C@@H](Cc1cccc2c1cccc2)CS[C@@H](Cc3ccccc3)C(=O)NCCCc4cccnc4,EDO|GOL|HEM|SO4|X7D,33467005.0,10.3390/ijms22020852,2021.0
7KVS,CYP3A4,P08684,Human CYP3A4 bound to an inhibitor,X-RAY DIFFRACTION,2.5,2021-01-20,114.09,1,5,homomeric protein,True,HEM,1,X74,tert-butyl [(2R)-1-(naphthalen-1-yl)-3-{[(2R)-1-oxo-3-phenyl,CC(C)(C)OC(=O)N[C@H](Cc1cccc2c1cccc2)CS[C@H](Cc3ccccc3)C(=O)NCCCc4cccnc4,EDO|GOL|HEM|SO4|X74,33467005.0,10.3390/ijms22020852,2021.0
7LXL,CYP3A4,P08684,Crystal structure of human CYP3A4 bound to the testosterone dimer,X-RAY DIFFRACTION,2.75,2021-04-28,56.87,1,2,homomeric protein,True,HEM,1,YNV,17alpha-hydroxy-7alpha-[(2Z)-4-(17beta-hydroxy-3-oxo-8alpha-,C[C@]12CC[C@H]3[C@H]([C@@H]1CC[C@@H]2O)[C@@H](CC4=CC(=O)CC[C@]34C)C/C=C\C[C@@H]5CC6=CC(=O)CC[C@@]6([C@@H]7[C@@H]5[C@@H]8CC[C@@H]([C@]8(CC7)C)O)C,HEM|YNV,33933755.0,10.1016/j.ejmech.2021.113496,2021.0
7RL2,CYP2C9,P11712,Crystal Structure of the Human Cytochrome P450 2C9*8 (CYP2C9*8) Genetic Variant in Complex with the Drug Losartan,X-RAY DIFFRACTION,2.23,2021-10-06,55.81,1,4,homomeric protein,True,HEM,1,LSN,"[2-butyl-5-chloranyl-3-[[4-[2-(2H-1,2,3,4-tetrazol-5-yl)phen",CCCCc1nc(c(n1Cc2ccc(cc2)c3ccccc3c4n[nH]nn4)CO)Cl,HEM|K|LSN|PO4,34638547.0,10.3390/ijms221910206,2021.0
7UAY,CYP3A4,P08684,Crystal structure of human CYP3A4 with the caged inhibitor,X-RAY DIFFRACTION,2.78,2022-08-31,57.34,1,2,homomeric protein,True,HEM,1,O39,"(N-[([2,2'-bipyridin]-5-yl-kappa~2~N~1~,N~1'~)methyl]-3-{[(p",c1ccc2c(c1)C=CC3=[N]2[Ir]45(c6c3cccc6)(c7ccccc7C8=[N]4c9ccccc9C=C8)[N]1=C(C=CC=C1)C1=[N]5C=C(C=C1)CNC(=O)CCSCc1cccnc1,HEM|O39,35994607.0,10.1021/acs.inorgchem.2c02587,2022.0
7UAZ,CYP3A4,P08684,Crystal structure of human CYP3A4 with the caged inhibitor,X-RAY DIFFRACTION,2.65,2022-08-31,57.24,1,2,homomeric protein,True,HEM,1,O3L,"(N-[([2,2'-bipyridin]-5-yl-kappa~2~N~1~,N~1'~)methyl]-3-{[(p",c1ccc2c(c1)C3=[N]([Ir]245(c6ccccc6C7=[N]4C=CC=C7)[N]8=CC=CC=C8C9=CC=C(C=[N]59)CNC(=O)CCSCc1cccnc1)C=CC=C3,HEM|O3L,35994607.0,10.1021/acs.inorgchem.2c02587,2022.0
7UF9,CYP3A4,P08684,CYP3A4 bound to an inhibitor,X-RAY DIFFRACTION,2.45,2022-07-27,56.89,1,2,homomeric protein,True,HEM,1,NH0,tert-butyl [(2S)-1-{[(2R)-1-oxo-3-phenyl-1-{[2-(pyridin-4-yl,CC(C)(C)OC(=O)N[C@@H](Cc1ccccc1)CS[C@H](Cc2ccccc2)C(=O)NCCc3ccncc3,HEM|NH0,35806297.0,10.3390/ijms23137291,2022.0
7UFA,CYP3A4,P08684,CYP3A4 bound to an inhibitor,X-RAY DIFFRACTION,2.5,2022-07-27,56.91,1,2,homomeric protein,True,HEM,1,NI6,tert-butyl [(2S)-1-{[(2R)-1-oxo-3-phenyl-1-{[3-(pyridin-4-yl,CC(C)(C)OC(=O)N[C@@H](Cc1ccccc1)CS[C@H](Cc2ccccc2)C(=O)NCCCc3ccncc3,HEM|NI6,35806297.0,10.3390/ijms23137291,2022.0
7UFB,CYP3A4,P08684,CYP3A4 bound to an inhibitor,X-RAY DIFFRACTION,2.25,2022-07-27,56.9,1,2,homomeric protein,True,HEM,1,NJ0,(2R)-3-phenyl-2-({(2S)-3-phenyl-2-[2-(pyridin-3-yl)acetamido,c1ccc(cc1)C[C@@H](CS[C@H](Cc2ccccc2)C(=O)NCc3cccnc3)NC(=O)Cc4cccnc4,HEM|NJ0,35806297.0,10.3390/ijms23137291,2022.0
7UFC,CYP3A4,P08684,Human CYP3A4 bound to an inhibitor,X-RAY DIFFRACTION,2.35,2022-07-27,56.93,1,2,homomeric protein,True,HEM,1,NJO,(2R)-3-phenyl-2-({(2S)-3-phenyl-2-[3-(pyridin-3-yl)propanami,c1ccc(cc1)C[C@@H](CS[C@H](Cc2ccccc2)C(=O)NCCc3cccnc3)NC(=O)CCc4cccnc4,HEM|NJO,35806297.0,10.3390/ijms23137291,2022.0
7UFD,CYP3A4,P08684,Human CYP3A4 bound to an inhibitor,X-RAY DIFFRACTION,2.9,2022-07-27,56.93,1,2,homomeric protein,True,HEM,1,T0K,(2S)-3-phenyl-2-({(2S)-3-phenyl-2-[3-(pyridin-3-yl)propanami,c1ccc(cc1)C[C@@H](CS[C@@H](Cc2ccccc2)C(=O)NCCc3cccnc3)NC(=O)CCc4cccnc4,HEM|T0K,35806297.0,10.3390/ijms23137291,2022.0
7UFE,CYP3A4,P08684,Human CYP3A4 bound to an inhibitor,X-RAY DIFFRACTION,2.4,2022-07-27,113.87,1,3,homomeric protein,True,HEM,1,NXR,N-[(2S)-1-{[(2R)-1-oxo-3-phenyl-1-{[3-(pyridin-3-yl)propyl]a,c1ccc(cc1)C[C@@H](CS[C@H](Cc2ccccc2)C(=O)NCCCc3cccnc3)NC(=O)c4cccnc4,GOL|HEM|NXR,35806297.0,10.3390/ijms23137291,2022.0
7UFF,CYP3A4,P08684,Human CYP3A4 bound to an inhibitor,X-RAY DIFFRACTION,2.7,2022-07-27,113.8,1,3,homomeric protein,True,HEM,1,NYF,N-(2-oxo-2-{[(2S)-1-{[(2R)-1-oxo-3-phenyl-1-{[3-(pyridin-3-y,c1ccc(cc1)C[C@@H](CS[C@H](Cc2ccccc2)C(=O)NCCCc3cccnc3)NC(=O)CNC(=O)c4cccnc4,HEM|NYF|PO4,35806297.0,10.3390/ijms23137291,2022.0
8DYC,CYP3A4,P08684,Human CYP3A4 bound to a substrate,X-RAY DIFFRACTION,2.4,2022-10-26,56.79,1,3,homomeric protein,True,HEM,1,UC7,"2-butyl-6-(butylamino)-1H-benzo[de]isoquinoline-1,3(2H)-dion",CCCCNc1ccc2c3c1cccc3C(=O)N(C2=O)CCCC,GOL|HEM|UC7,36293445.0,10.3390/ijms232012591,2022.0
8EWD,CYP3A4,P08684,Crystal structure of CYP3A4 bound to an inhibitor,X-RAY DIFFRACTION,2.2,2023-02-01,57.41,1,2,homomeric protein,True,HEM,1,WZN,"{tert-butyl [1-{[([2,2'-bipyridin]-5-yl-kappa~2~N~1~,N~1'~)m",CC(C)(C)OC(=O)N[C@@H](Cc1ccncc1)C(=O)NCC2=C[N]3=C(C=C2)C4=CC=CC=[N]4[Ir+]356(c7ccccc7C8=[N]5c9ccccc9C=C8)c1ccccc1C1=CC=C2C=CC=CC2=[N]61,HEM|WZN,36758158.0,10.1021/acs.inorgchem.3c00059,2023.0
8EWE,CYP3A4,P08684,Crystal structure of CYP3A4 bound to an inhibitor,X-RAY DIFFRACTION,2.3,2023-02-01,57.41,1,2,homomeric protein,True,HEM,1,X0E,"{tert-butyl [1-{[([2,2'-bipyridin]-5-yl-kappa~2~N~1~,N~1'~)m",CC(C)(C)OC(=O)N[C@H](Cc1ccncc1)C(=O)NCC2=C[N]3=C(C=C2)C4=CC=CC=[N]4[Ir+]356(c7ccccc7C8=[N]5c9ccccc9C=C8)c1ccccc1C1=CC=C2C=CC=CC2=[N]61,HEM|X0E,36758158.0,10.1021/acs.inorgchem.3c00059,2023.0
8EWL,CYP3A4,P08684,Crystal structure of CYP3A4 bound to an inhibitor,X-RAY DIFFRACTION,2.35,2023-02-01,57.29,1,2,homomeric protein,True,HEM,1,X1C,"{N-[([2,2'-bipyridin]-5-yl-kappa~2~N~1~,N~1'~)methyl]-3-(pyr",c1ccc2c(c1)C=CC3=[N]2[Ir+]45(c6c3cccc6)(c7ccccc7C8=CC=C9C=CC=CC9=[N]48)[N]1=C(C=CC=C1)C1=[N]5C=C(C=C1)CNC(=O)CCc1ccncc1,HEM|X1C,36758158.0,10.1021/acs.inorgchem.3c00059,2023.0
8EWM,CYP3A4,P08684,Crystal structure of CYP3A4 bound to an inhibitor,X-RAY DIFFRACTION,2.3,2023-02-01,57.38,1,2,homomeric protein,True,HEM,1,X1I,"{tert-butyl [1-{[([2,2'-bipyridin]-5-yl-kappa~2~N~1~,N~1'~)m",CC(C)(C)OC(=O)N[C@@H](Cc1ccncc1)C(=O)/N=C\C2=C[N]3=C(C=C2)C4=[N]([Ir+]356(c7cc(cc(c7C8=[N]5C=CC=C8)F)F)c9cc(cc(c9C1=CC=CC=[N]61)F)F)C=CC=C4,HEM|X1I,36758158.0,10.1021/acs.inorgchem.3c00059,2023.0
8EWN,CYP3A4,P08684,Crystal structure of CYP3A4 bound to an inhibitor,X-RAY DIFFRACTION,2.1,2023-02-01,57.27,1,2,homomeric protein,True,HEM,1,X1O,"{N-[([2,2'-bipyridin]-5-yl-kappa~2~N~1~,N~1'~)methyl]-3-(pyr",c1cnccc1CCC(=O)NCC2=CC=C3C4=CC=CC=[N]4[Ir+]56([N]3=C2)(c7cc(cc(c7C8=[N]5C=CC=C8)F)F)c9cc(cc(c9C1=CC=CC=[N]61)F)F,HEM|X1O,36758158.0,10.1021/acs.inorgchem.3c00059,2023.0
8EWP,CYP3A4,P08684,Crystal structure of CYP3A4 bound to an inhibitor,X-RAY DIFFRACTION,2.4,2023-02-01,57.41,1,2,homomeric protein,True,HEM,1,X2Q,"{N-[([2,2'-bipyridin]-5-yl-kappa~2~N~1~,N~1'~)methyl]-3-(pyr",c1ccc2c(c1)C=CC3=[N]2[Ir+]45(c6c3sc7c6cccc7)(c8c9ccccc9sc8C1=CC=C2C=CC=CC2=[N]41)[N]1=C(C=CC=C1)C1=[N]5C=C(C=C1)CNC(=O)CCc1ccncc1,HEM|X2Q,36758158.0,10.1021/acs.inorgchem.3c00059,2023.0
8EWQ,CYP3A4,P08684,Crystal structure of CYP3A4 bound to an inhibitor,X-RAY DIFFRACTION,2.25,2023-02-01,57.41,1,2,homomeric protein,True,HEM,1,X2B,"{N-[1-{[([2,2'-bipyridin]-5-yl-kappa~2~N~1~,N~1'~)methyl]ami",c1ccc(cc1)C(=O)N[C@@H](Cc2ccncc2)C(=O)NCC3=C[N]4=C(C=C3)C5=[N]([Ir+]467(c8ccccc8C9=[N]6c1ccccc1C=C9)c1ccccc1C1=CC=C2C=CC=CC2=[N]71)C=CC=C5,HEM|X2B,36758158.0,10.1021/acs.inorgchem.3c00059,2023.0
8EWR,CYP3A4,P08684,Crystal structure of CYP3A4 bound to an inhibitor,X-RAY DIFFRACTION,2.2,2023-02-01,57.41,1,2,homomeric protein,True,HEM,1,WZN,"{tert-butyl [1-{[([2,2'-bipyridin]-5-yl-kappa~2~N~1~,N~1'~)m",CC(C)(C)OC(=O)N[C@@H](Cc1ccncc1)C(=O)NCC2=C[N]3=C(C=C2)C4=CC=CC=[N]4[Ir+]356(c7ccccc7C8=[N]5c9ccccc9C=C8)c1ccccc1C1=CC=C2C=CC=CC2=[N]61,HEM|WZN,36758158.0,10.1021/acs.inorgchem.3c00059,2023.0
8EWS,CYP3A4,P08684,Crystal structure of CYP3A4 bound to an inhibitor,X-RAY DIFFRACTION,2.15,2023-02-01,57.41,1,2,homomeric protein,True,HEM,1,X2Q,"{N-[([2,2'-bipyridin]-5-yl-kappa~2~N~1~,N~1'~)methyl]-3-(pyr",c1ccc2c(c1)C=CC3=[N]2[Ir+]45(c6c3sc7c6cccc7)(c8c9ccccc9sc8C1=CC=C2C=CC=CC2=[N]41)[N]1=C(C=CC=C1)C1=[N]5C=C(C=C1)CNC(=O)CCc1ccncc1,HEM|X2Q,36758158.0,10.1021/acs.inorgchem.3c00059,2023.0
8EXB,CYP3A4,P08684,Crystal structure of CYP3A4 bound to an inhibitor,X-RAY DIFFRACTION,2.05,2023-02-01,57.41,1,2,homomeric protein,True,HEM,1,X4E,"{N-[([2,2'-bipyridin]-5-yl-kappa~2~N~1~,N~1'~)methyl]-3-(pyr",c1ccc2c(c1)c3c(s2)C4=CC=C5C=CC=CC5=[N]4[Ir+]367(c8c9ccccc9sc8C1=CC=C2C=CC=CC2=[N]61)[N]1=CC=CC=C1C1=CC=C(C=[N]71)CNC(=O)CCc1cccnc1,HEM|X4E,36758158.0,10.1021/acs.inorgchem.3c00059,2023.0
8SO1,CYP3A4,P08684,Human CYP3A4 bound to three caffeine molecules,X-RAY DIFFRACTION,2.05,2023-08-02,56.96,1,2,homomeric protein,True,HEM,1,CFF,CAFFEINE,Cn1cnc2c1C(=O)N(C(=O)N2C)C,CFF|HEM,37524132.0,10.1016/j.jbc.2023.105117,2023.0
8SO2,CYP3A4,P08684,Human CYP3A4 bound to a substrate,X-RAY DIFFRACTION,2.15,2023-08-02,57.54,1,2,homomeric protein,True,HEM,1,CFF,CAFFEINE,Cn1cnc2c1C(=O)N(C(=O)N2C)C,CFF|HEM,37524132.0,10.1016/j.jbc.2023.105117,2023.0
8SPD,CYP3A4,P08684,Cytochrome P450 (CYP) 3A4 crystallized with clotrimazole,X-RAY DIFFRACTION,2.9,2023-10-11,56.56,1,2,homomeric protein,True,HEM,1,CL6,1-[(2-CHLOROPHENYL)(DIPHENYL)METHYL]-1H-IMIDAZOLE,c1ccc(cc1)C(c2ccccc2)(c3ccccc3Cl)n4ccnc4,CL6|HEM,37770228.0,10.1124/dmd.123.001464,2023.0
8VX0,CYP2C9,P11712,CRYSTAL STRUCTURE OF CYP2C9*14 IN COMPLEX WITH LOSARTAN,X-RAY DIFFRACTION,3.05,2024-06-12,55.4,1,4,homomeric protein,True,HEM,1,LSN,"[2-butyl-5-chloranyl-3-[[4-[2-(2H-1,2,3,4-tetrazol-5-yl)phen",CCCCc1nc(c(n1Cc2ccc(cc2)c3ccccc3c4n[nH]nn4)CO)Cl,HEM|K|LSN|PO4,38852293.0,10.1016/j.jinorgbio.2024.112622,2024.0
8VZ7,CYP2C9,P11712,Crystal Structure of Human Cytochrome P450 2C9*27 (R150L) Genetic Variant in Complex with the Drug Losartan,X-RAY DIFFRACTION,2.53,2024-06-12,55.87,1,4,homomeric protein,True,HEM,2,FRU|LSN,"[2-butyl-5-chloranyl-3-[[4-[2-(2H-1,2,3,4-tetrazol-5-yl)phen; beta-D-fructofuranose",CCCCc1nc(c(n1Cc2ccc(cc2)c3ccccc3c4n[nH]nn4)CO)Cl; C([C@@H]1[C@H]([C@@H]([C@](O1)(CO)O)O)O)O,FRU|HEM|K|LSN,38852293.0,10.1016/j.jinorgbio.2024.112622,2024.0
9BBB,CYP3A4,P08684,Human CYP3A4 bound to an inhibitor,X-RAY DIFFRACTION,2.5,2024-07-03,57.15,1,2,homomeric protein,True,HEM,1,A1APA,cobicistat,CC(C)c1nc(cs1)CN(C)C(=O)N[C@@H](CCN2CCOCC2)C(=O)N[C@H](CC[C@H](Cc3ccccc3)NC(=O)OCc4cncs4)Cc5ccccc5,A1APA|HEM,38909836.0,10.1016/j.abb.2024.110071,2024.0
9BV5,CYP3A4,P08684,Crystal structure of human CYP3A4 in complex with SJ000362065,X-RAY DIFFRACTION,2.71,2025-04-16,56.65,1,3,homomeric protein,True,HEM,1,A1ASV,"N-[(2P)-2-(1H-imidazol-1-yl)-5-(trifluoromethyl)phenyl]-2,2-",CC(C)(C)C(=O)Nc1cc(ccc1n2ccnc2)C(F)(F)F,A1ASV|EDO|HEM,40210880.0,10.1038/s41467-025-58749-8,2025.0
9BV6,CYP3A4,P08684,Crystal structure of human CYP3A4 in complex with SJ000388260,X-RAY DIFFRACTION,3.1,2025-04-16,56.68,1,3,homomeric protein,True,HEM,2,A1ASU|PG0,"2-(2-METHOXYETHOXY)ETHANOL; 5-(4-methoxyphenyl)-1-[4-(2-methyl-1,3-thiazol-4-yl)phenyl]-",Cc1nc(cs1)c2ccc(cc2)n3c(cnn3)c4ccc(cc4)OC; COCCOCCO,A1ASU|HEM|PG0,40210880.0,10.1038/s41467-025-58749-8,2025.0
9BV7,CYP3A4,P08684,Crystal structure of human CYP3A4 in complex with SJ000310315,X-RAY DIFFRACTION,3.21,2025-04-16,56.6,1,2,homomeric protein,True,HEM,1,A1AST,"3-(2-chlorophenyl)-N-{[(2S,7M)-7-(pyridin-3-yl)-2,3-dihydro-",c1ccc(c(c1)CCC(=O)NC[C@@H]2Cc3cccc(c3O2)c4cccnc4)Cl,A1AST|HEM,40210880.0,10.1038/s41467-025-58749-8,2025.0
9BV8,CYP3A4,P08684,Crystal structure of human CYP3A4 in complex with SJYHJ-114,X-RAY DIFFRACTION,3.0,2025-04-16,56.52,1,2,homomeric protein,True,HEM,1,A1ASS,N-[(2P)-2-(1H-imidazol-1-yl)-5-(trifluoromethyl)phenyl]cyclo,c1cc(c(cc1C(F)(F)F)NC(=O)C2CCC2)n3ccnc3,A1ASS|HEM,40210880.0,10.1038/s41467-025-58749-8,2025.0
9BV9,CYP3A4,P08684,Crystal structure of human CYP3A4 in complex with Z56791366,X-RAY DIFFRACTION,2.95,2025-04-16,56.59,1,2,homomeric protein,True,HEM,1,A1ASR,N-(2-chlorophenyl)-N'-[(2P)-2-(1H-imidazol-1-yl)-5-(trifluor,c1ccc(c(c1)NC(=O)Nc2cc(ccc2n3ccnc3)C(F)(F)F)Cl,A1ASR|HEM,40210880.0,10.1038/s41467-025-58749-8,2025.0
9BVA,CYP3A4,P08684,Crystal structure of human CYP3A4 in complex with SJYHJ-106,X-RAY DIFFRACTION,3.02,2025-04-16,56.62,1,2,homomeric protein,True,HEM,1,A1ASQ,N-[2-(2-chloroethyl)phenyl]-N'-[(2P)-2-(1H-imidazol-1-yl)-5-,c1ccc(c(c1)CCCl)NC(=O)Nc2cc(ccc2n3ccnc3)C(F)(F)F,A1ASQ|HEM,40210880.0,10.1038/s41467-025-58749-8,2025.0
9BVB,CYP3A4,P08684,Crystal structure of human CYP3A4 in complex with SJYHJ-075,X-RAY DIFFRACTION,3.0,2025-04-16,56.59,1,2,homomeric protein,True,HEM,1,A1ASP,2-(2-chlorophenyl)-N-[(2P)-2-(1H-imidazol-1-yl)-5-(trifluoro,c1ccc(c(c1)CC(=O)Nc2cc(ccc2n3ccnc3)C(F)(F)F)Cl,A1ASP|HEM,40210880.0,10.1038/s41467-025-58749-8,2025.0
9BVC,CYP3A4,P08684,Crystal structure of human CYP3A4 in complex with SJYHJ-110,X-RAY DIFFRACTION,2.8,2025-04-16,56.7,1,2,homomeric protein,True,HEM,1,A1ASO,N-(2-chlorophenyl)-N-[(3-hydroxyphenyl)methyl]-N'-[(2P)-2-(1,c1ccc(c(c1)N(Cc2cccc(c2)O)C(=O)Nc3cc(ccc3n4ccnc4)C(F)(F)F)Cl,A1ASO|HEM,40210880.0,10.1038/s41467-025-58749-8,2025.0
9COR,CYP3A4,P08684,Crystal structure of CYP3A4 bound to an inhibitor,X-RAY DIFFRACTION,2.55,2025-01-08,56.95,1,2,homomeric protein,True,HEM,1,A1A07,(2R)-3-phenyl-2-{[(2S)-3-phenyl-2-{[N-(trifluoroacetyl)glycy,c1ccc(cc1)C[C@@H](CS[C@H](Cc2ccccc2)C(=O)NCCc3cccnc3)NC(=O)CNC(=O)C(F)(F)F,A1A07|HEM,39792691.0,10.1111/cbdd.70043,2025.0
9COS,CYP3A4,P08684,Crystal structure of CYP3A4 bound to an inhibitor,X-RAY DIFFRACTION,2.75,2025-01-08,56.96,1,2,homomeric protein,True,HEM,1,A1A06,(2R)-3-phenyl-2-{[(2S)-3-phenyl-2-{[N-(trifluoroacetyl)glycy,c1ccc(cc1)C[C@@H](CS[C@H](Cc2ccccc2)C(=O)NCCCc3cccnc3)NC(=O)CNC(=O)C(F)(F)F,A1A06|HEM,39792691.0,10.1111/cbdd.70043,2025.0
9COT,CYP3A4,P08684,Crystal structure of CYP3A4 bound to an inhibitor,X-RAY DIFFRACTION,2.81,2025-01-08,56.9,1,2,homomeric protein,True,HEM,1,A1A08,"(2R)-3-phenyl-2-{[(2S)-3-phenyl-2-(2,2,2-trifluoroacetamido)",c1ccc(cc1)C[C@@H](CS[C@H](Cc2ccccc2)C(=O)NCCCc3cccnc3)NC(=O)C(F)(F)F,A1A08|HEM,39792691.0,10.1111/cbdd.70043,2025.0
9COU,CYP3A4,P08684,Crystal structure of CYP3A4 bound to an inhibitor,X-RAY DIFFRACTION,2.81,2025-01-08,56.95,1,2,homomeric protein,True,HEM,1,A1A4U,(2R)-2-{[(2S)-2-(benzenesulfonamido)-3-phenylpropyl]sulfanyl,c1ccc(cc1)C[C@@H](CS[C@H](Cc2ccccc2)C(=O)NCCCc3cccnc3)NS(=O)(=O)c4ccccc4,A1A4U|HEM,39792691.0,10.1111/cbdd.70043,2025.0
9COV,CYP3A4,P08684,Crystal structure of CYP3A4 bound to an inhibitor,X-RAY DIFFRACTION,2.6,2025-01-08,56.95,1,2,homomeric protein,True,HEM,1,A1A4S,N-[(2S)-1-(1H-indol-3-yl)-3-{[(2R)-1-oxo-3-phenyl-1-{[3-(pyr,c1ccc(cc1)C[C@H](C(=O)NCCCc2cccnc2)SC[C@H](Cc3c[nH]c4c3cccc4)NC(=O)c5cccnc5,A1A4S|HEM,39792691.0,10.1111/cbdd.70043,2025.0
9COW,CYP3A4,P08684,Crystal structure of CYP3A4 bound to an inhibitor,X-RAY DIFFRACTION,2.3,2025-01-08,57.06,1,3,homomeric protein,True,HEM,1,A1A4V,N-[(2S)-1-(naphthalen-1-yl)-3-{[(2R)-1-oxo-3-phenyl-1-{[3-(p,c1ccc(cc1)C[C@H](C(=O)NCCCc2cccnc2)SC[C@H](Cc3cccc4c3cccc4)NC(=O)c5cccnc5,A1A4V|GOL|HEM,39792691.0,10.1111/cbdd.70043,2025.0
9COX,CYP3A4,P08684,Crystal structure of CYP3A4 bound to an inhibitor,X-RAY DIFFRACTION,2.72,2025-01-08,56.96,1,2,homomeric protein,True,HEM,1,A1A4K,N-[(2S)-1-(naphthalen-1-yl)-3-{[(2S)-1-oxo-3-phenyl-1-{[3-(p,c1ccc(cc1)C[C@@H](C(=O)NCCCc2cccnc2)SC[C@H](Cc3cccc4c3cccc4)NC(=O)c5cccnc5,A1A4K|HEM,39792691.0,10.1111/cbdd.70043,2025.0
9COY,CYP3A4,P08684,Crystal structure of CYP3A4 bound to an inhibitor,X-RAY DIFFRACTION,2.65,2025-01-08,56.97,1,2,homomeric protein,True,HEM,1,A1A4T,"N-[(2S)-1-([1,1'-biphenyl]-4-yl)-3-{[(2R)-1-oxo-3-phenyl-1-{",CC(C)(C)C(=O)N[C@@H](Cc1ccc(cc1)c2ccccc2)CS[C@H](Cc3ccccc3)C(=O)NCCCc4cccnc4,A1A4T|HEM,39792691.0,10.1111/cbdd.70043,2025.0
9GK1,CYP3A4,P08684,SSX structure of human cytochrome P450 3A4 at room temperature,X-RAY DIFFRACTION,2.95,2025-05-07,55.97,1,1,homomeric protein,True,HEM,0,,,,HEM,40209873.0,10.1016/j.abb.2025.110419,2025.0
9MS1,CYP3A4,P08684,Crystal structure of human CYP3A4 in complex with SJYHJ-111,X-RAY DIFFRACTION,3.4,2025-04-16,56.7,1,2,homomeric protein,True,HEM,1,A1BNX,N'-(2-chlorophenyl)-N-[(3-hydroxyphenyl)methyl]-N-[(2P)-2-(1,c1ccc(c(c1)NC(=O)N(Cc2cccc(c2)O)c3cc(ccc3n4ccnc4)C(F)(F)F)Cl,A1BNX|HEM,40210880.0,10.1038/s41467-025-58749-8,2025.0
9PLJ,CYP3A4,P08684,Crystal structure of human CYP3A4 with substrate THC,X-RAY DIFFRACTION,2.72,2025-09-17,56.69,1,2,homomeric protein,True,HEM,1,TCI,"(6aR,10aR)-6,6,9-trimethyl-3-pentyl-6a,7,8,10a-tetrahydro-6H",CCCCCc1cc(c2c(c1)OC([C@H]3[C@H]2C=C(CC3)C)(C)C)O,HEM|TCI,40945735.0,10.1016/j.jbc.2025.110709,2025.0
9PLK,CYP3A4,P08684,Interaction of human CYP3A4 with the drug darifenacin,X-RAY DIFFRACTION,2.25,2025-09-17,56.89,1,3,homomeric protein,True,HEM,1,A1CIW,darifenacin,c1ccc(cc1)C(c2ccccc2)([C@@H]3CCN(C3)CCc4ccc5c(c4)CCO5)C(=O)N,A1CIW|GOL|HEM,40945735.0,10.1016/j.jbc.2025.110709,2025.0
9YK4,CYP3A4,P08684,Crystal structure of CYP3A4 bound to imidazole and tetraethylene glycol,X-RAY DIFFRACTION,1.78,2025-12-03,58.05,1,5,homomeric protein,True,HEM,1,PG4,TETRAETHYLENE GLYCOL,C(COCCOCCOCCO)O,EDO|GOL|HEM|IMD|PG4,41297515.0,10.1016/j.bbrc.2025.153040,2025.0
