alert_id,alert_name,n_match,n_match_pos,ppv,odds_ratio,p_value,verdict
MBI15,cyclopropylamine,78,55.0,0.705,2.78,4.21e-05,enriched
MBI01,benzodioxole_methylenedioxyphenyl,23,20.0,0.87,7.27,0.000149,enriched
MBI05,primary_aliphatic_amine,33,25.0,0.758,3.41,0.00136,enriched
MBI07,hydroquinone_ortho_catechol,48,31.0,0.646,1.98,0.0194,enriched
MBI02,furan,22,16.0,0.727,2.84,0.0205,enriched
MBI08,epoxide,10,7.0,0.7,2.43,0.158,not_significant
MBI03,terminal_alkyne,5,4.0,0.8,4.16,0.178,not_significant
MBI09,piperazine_tertiary_amine,23,14.0,0.609,1.63,0.179,not_significant
MBI18,tertiary_alkylamine_dialkyl,120,63.0,0.525,1.17,0.247,not_significant
MBI04,internal_alkyne,10,6.0,0.6,1.55,0.358,not_significant
MBI11,alkylaromatic_ether_quinone_methide_precursor,18,10.0,0.556,1.3,0.382,not_significant
MBI21,conjugated_nitrile_michael,1,1.0,1.0,inf,0.493,indeterminate_lt4_examples
MBI17,terminal_alkene_vinyl,8,4.0,0.5,1.03,0.622,not_significant
MBI22,aromatic_primary_amine_aniline,44,21.0,0.477,0.94,0.644,not_significant
MBI14,hydrazine,2,1.0,0.5,1.03,0.743,indeterminate_lt4_examples
MBI06,hydroquinone_para,10,4.0,0.4,0.68,0.818,not_significant
MBI19,isothiazole_thiazole,17,7.0,0.412,0.71,0.822,not_significant
MBI10,alkylphenol_quinone_methide_precursor,15,6.0,0.4,0.68,0.838,not_significant
MBI13,thiourea_thioamide,3,1.0,0.333,0.51,0.87,indeterminate_lt4_examples
MBI12,thiophene,25,10.0,0.4,0.68,0.875,not_significant
MBI20,nitroaromatic,4,1.0,0.25,0.34,0.934,not_significant
MBI16,aminobenzotriazole,0,,,,,no_examples
