alert_id,alert_name,smarts,source_refs,positive_control,pos_matches,negative_control,neg_matches,in_faramarzi2024_table4,reason
MBI01,benzodioxole_methylenedioxyphenyl,c1cc2OCOc2cc1,Faramarzi2024_T4;Kalgutkar2007;Orr2012,paroxetine,True,benzene,False,True,
MBI02,furan,c1ccoc1,Faramarzi2024_T4;Kalgutkar2007;Orr2012,methoxsalen,True,thiophene,False,True,
MBI03,terminal_alkyne,[CX2;H1]#[CX2],Faramarzi2024_T4;Correia2005;Orr2012,17alpha-ethynylestradiol,True,propyne_internal,False,True,
MBI04,internal_alkyne,[CX2;!$([CX2;H1])]#[CX2;!$([CX2;H1])],Kalgutkar2007;Correia2005 (NOT a Faramarzi2024 Table 4 qualified alert; Table 4 lists only terminal omega/omega-1 alkynes),2-ethynylnaphthalene_analog_internal,True,terminal_alkyne,False,False,
MBI05,primary_aliphatic_amine,[NX3;H2;!$(Nc);!$(N[#6]=[!#6])][CX4],Faramarzi2024_T4;Orr2012;Yu2015,amphetamine,True,aniline,False,True,
MBI06,hydroquinone_para,Oc1ccc(O)cc1,Faramarzi2024_T4;Orr2012;Kalgutkar2007,hydroquinone,True,phenol,False,True,
MBI07,hydroquinone_ortho_catechol,Oc1ccccc1O,Faramarzi2024_T4;Orr2012;Kalgutkar2007,catechol,True,resorcinol_meta,False,True,
MBI08,epoxide,[OX2r3]1[CX4r3][CX4r3]1,Faramarzi2024_T4;Fontana2005,styrene_oxide,True,thf,False,True,
MBI09,piperazine_tertiary_amine,[NX3;!$(N[#6]=[!#6])]1[CX4][CX4][NX3;!$(N[#6]=[!#6])][CX4][CX4]1,Faramarzi2024_T4;Bolleddula2014,itraconazole_piperazine_fragment,True,piperidine,False,True,
MBI10,alkylphenol_quinone_methide_precursor,"[$([OX2H]c1ccc([CX4;H2,H3])cc1),$([OX2H]c1ccccc1[CX4;H2,H3])]",Faramarzi2024_T4;KalgutkarSoglia2005,p_cresol,True,phenol,False,True,
MBI11,alkylaromatic_ether_quinone_methide_precursor,"[cX3]([OX2][CX4])[cX3][CX4;H2,H3]",Faramarzi2024_T4;KalgutkarSoglia2005,2-methylanisole,True,anisole,False,True,
MBI12,thiophene,c1ccsc1,Kalgutkar2007;Orr2012,ticlopidine,True,furan,False,False,
MBI13,thiourea_thioamide,[#7][#6]=[SX1],Kalgutkar2005;Orr2012,methimazole,True,urea,False,False,
MBI14,hydrazine,"[NX3;H1,H2][NX3;H1,H2]",Kalgutkar2005;Orr2012,phenelzine,True,ethylamine,False,False,
MBI15,cyclopropylamine,[NX3][CX4H1]1[CX4H2][CX4H2]1,Orr2012,cyclopropylamine_probe,True,isopropylamine,False,False,
MBI16,aminobenzotriazole,[NX3;H2]n1nnc2ccccc21,Orr2012,1_aminobenzotriazole,True,benzotriazole,False,False,
MBI17,terminal_alkene_vinyl,[CX3;H2]=[CX3;H1][CX4],Correia2005;Orr2012,secobarbital,True,internal_alkene,False,False,
MBI18,tertiary_alkylamine_dialkyl,[NX3;!$(N~[!#6]);!$(Nc)]([CX4])([CX4])[CX4],Yu2015;Orr2012,erythromycin_desosamine_dimethylamino,True,secondary_amine,False,False,
MBI19,isothiazole_thiazole,c1cscn1,Kalgutkar2005,thiazole_probe,True,imidazole,False,False,
MBI20,nitroaromatic,"[$([NX3](=O)=O),$([NX3+](=O)[O-])]c",Kalgutkar2005,nitrobenzene,True,nitroalkane,False,False,
MBI21,conjugated_nitrile_michael,[CX3]=[CX3][CX2]#[NX1],Kalgutkar2005,acrylonitrile,True,propionitrile,False,False,
MBI22,aromatic_primary_amine_aniline,[NX3;H2]c,Kalgutkar2005;Orr2012,aniline,True,aliphatic_amine,False,False,
NOT_ENCODED_01,reactive_arenes,,Faramarzi2024_T4,,,,,,"Table 4 defines this alert only via a drawn general structure with positional constraints ('C9: no heteroatom attachment', 'C7: saturated carbon', R1,R2 = H or C) that cannot be reconstructed unambiguously from the text extraction. Not encoded rather than guessed."
NOT_ENCODED_02,arenes_miscellaneous_benzopyran,,Faramarzi2024_T4,,,,,,"Table 4 specifies 'identifies benzopyran analogues' with 'bonds in the heteroaromatic rings can be of various types', i.e. a family of drawn scaffolds. Not encoded rather than guessed."
