target,model,n_scored,st_rae,mae,r2,spearman,pred_std_over_true_std,median_val_nn_tanimoto
CYP1A2_pIC50_direct_inhibition,lgbm_raw,89,0.8899379814927195,0.7170567455932962,0.19388448337341424,0.48481443649982986,0.6250874209013708,0.5932203531265259
CYP1A2_pIC50_direct_inhibition,lgbm_svd256,89,0.8547475661800555,0.7013191064263684,0.2068107006689497,0.42008852570650335,0.47997004359111806,0.5932203531265259
CYP1A2_pIC50_direct_inhibition,knn_tanimoto,89,1.136678869667542,0.8532157451250223,-0.12425540496216914,0.30626489615253666,0.7441373802786315,0.5932203531265259
CYP1A2_pIC50_direct_inhibition,blend_lgbm_knn,89,0.9538775004797784,0.7507271392950434,0.12775165014389012,0.4437351038474635,0.6161500479235587,0.5932203531265259
CYP2C9_pIC50_direct_inhibition,lgbm_raw,93,0.9252585739238738,0.5405250096438551,0.06930927948466514,0.3866640804511951,0.6036828285484341,0.5806451439857483
CYP2C9_pIC50_direct_inhibition,lgbm_svd256,93,0.9905551274231016,0.5718089175250295,-0.003015268379037872,0.24529259049267402,0.5108220684227911,0.5806451439857483
CYP2C9_pIC50_direct_inhibition,knn_tanimoto,93,1.729382435316337,0.8012502726116378,-0.9233017565007391,-0.31350899704574614,0.6999455699487835,0.5806451439857483
CYP2C9_pIC50_direct_inhibition,blend_lgbm_knn,93,1.2143485074792413,0.6476491392697237,-0.2786423584579154,0.03419772611978156,0.52926901985193,0.5806451439857483
CYP2D6_pIC50_direct_inhibition,lgbm_raw,83,0.9123470774285916,0.595400456968403,0.0857787284468694,0.4804374291591452,0.5943068713400924,0.5857142806053162
CYP2D6_pIC50_direct_inhibition,lgbm_svd256,83,0.8942552354335309,0.5794571066504078,0.10563382787157694,0.47193652659418156,0.524966830862717,0.5857142806053162
CYP2D6_pIC50_direct_inhibition,knn_tanimoto,83,1.028598035322054,0.6492637279659559,-0.0016051108904870937,0.3582133411695562,0.6581210313365045,0.5857142806053162
CYP2D6_pIC50_direct_inhibition,blend_lgbm_knn,83,0.9378368802585678,0.6144770428590879,0.07928125299662736,0.43673649301036893,0.5970134395160397,0.5857142806053162
CYP3A4_pIC50_direct_inhibition,lgbm_raw,549,0.4655286593936898,0.4291500044314585,0.6487784946402853,0.8196291985307183,0.8428324011704662,0.6393442749977112
CYP3A4_pIC50_direct_inhibition,lgbm_svd256,549,0.4789945838175648,0.42865373602635976,0.649101469859293,0.8076791367062998,0.7929366836944052,0.6393442749977112
CYP3A4_pIC50_direct_inhibition,knn_tanimoto,549,0.8470267042715042,0.6671231327100209,0.20262819729718595,0.5293457489819822,0.7303746816796334,0.6393442749977112
CYP3A4_pIC50_direct_inhibition,blend_lgbm_knn,549,0.5536893104706407,0.4938964503680868,0.5498603932518431,0.7581454850044057,0.7058488661660561,0.6393442749977112
