isoform,n,ST_RAE,MAE,R2,Spearman,representation
CYP1A2,1412,0.8711169910563884,0.681605073463146,0.20907506074477866,0.4583891796135768,chemeleon_lgbm_full2048
CYP2C9,1285,0.7600295742798392,0.5024645415461758,0.2841652002515961,0.5310941661840156,chemeleon_lgbm_full2048
CYP2D6,1493,0.9471594577494372,0.6074822396696717,0.149541326887365,0.39330061672720124,chemeleon_lgbm_full2048
CYP3A4,2335,0.6040082715634512,0.6118715010110647,0.4970026895619627,0.7080457725463204,chemeleon_lgbm_full2048
CYP1A2,1412,0.8473704518380377,0.6688743161561373,0.2175087305050586,0.45278094137848174,chemeleon_tabicl_svd256
CYP2C9,1285,0.6999680992512016,0.4809690080981281,0.34267663753156774,0.5881770958785608,chemeleon_tabicl_svd256
CYP2D6,1493,0.947059187403727,0.6048741560269504,0.12304923358078657,0.3550358700523555,chemeleon_tabicl_svd256
CYP3A4,2335,0.5525205923023323,0.5634705600298251,0.5486221499833164,0.7367737382352852,chemeleon_tabicl_svd256
CYP1A2,1412,0.8258451772248565,0.6542152029080847,0.24656718789297716,0.504614416198898,chemeleon_svd256_plus_B
CYP2C9,1285,0.6608659125441473,0.4638374385006862,0.3956601348009904,0.61752286538682,chemeleon_svd256_plus_B
CYP2D6,1493,0.9351077492162072,0.5999084347432161,0.15390312578652,0.3822174652383243,chemeleon_svd256_plus_B
CYP3A4,2335,0.5076341982963886,0.5328710653772045,0.5912913485860765,0.7647850167014631,chemeleon_svd256_plus_B
