variant,isoform,n,ST_RAE,MAE,R2,Spearman
st_mlp,CYP1A2,1412,0.831855894422165,0.6592805451505167,0.23726331403823486,0.4848424315300445
st_mlp,CYP2C9,1285,0.7005557370281897,0.47825048164191164,0.347675599144335,0.584948905536336
st_mlp,CYP2D6,1493,0.9220957899332766,0.5947144659983244,0.13546763424712893,0.3816901287986406
st_mlp,CYP3A4,2335,0.5144539536867583,0.536556493224978,0.5909040482368506,0.7713415624550625
mt_3,CYP1A2,1412,0.8339453229973859,0.654923323643607,0.25865014586542523,0.4956523949766078
mt_3,CYP2C9,1285,0.6455072477411421,0.4547971979121639,0.40959229764723704,0.6246617875034279
mt_3,CYP2D6,1493,0.9220957899332766,0.5947144659983244,0.13546763424712893,0.3816901287986406
mt_3,CYP3A4,2335,0.5050375389590631,0.5274924501612085,0.6001530226937319,0.7795485868421576
mt_all4,CYP1A2,1412,0.8246258768504999,0.6493376482405862,0.26915594460421244,0.5047183981943033
mt_all4,CYP2C9,1285,0.6455327573292138,0.4575320889880761,0.40323119429144194,0.6215412102925615
mt_all4,CYP2D6,1493,0.9440951188282205,0.6026154283250547,0.14321485607071416,0.39104427096252253
mt_all4,CYP3A4,2335,0.514731376556873,0.5339640785058571,0.5917145795752516,0.7744734906927996
mt_3_aux,CYP1A2,1412,0.8429801572537922,0.6567368252354356,0.272926866786412,0.5172899989856226
mt_3_aux,CYP2C9,1285,0.6270191433231032,0.44501089496395974,0.43414119891475245,0.6468644554698073
mt_3_aux,CYP2D6,1493,0.9188858230497424,0.5939511075732768,0.1373782119392586,0.38281124512415177
mt_3_aux,CYP3A4,2335,0.49063132002082427,0.5180222959179799,0.6124701361390334,0.7896511399362919
mt_all4_aux,CYP1A2,1412,0.8317086364391252,0.6526294019234548,0.2827618444942651,0.5189907702735258
mt_all4_aux,CYP2C9,1285,0.6044217281611752,0.44165582696081657,0.4406994641209363,0.6555662055178932
mt_all4_aux,CYP2D6,1493,0.9426575064826511,0.6008140170807414,0.1573527661429217,0.42022889912643724
mt_all4_aux,CYP3A4,2335,0.49138188509311215,0.5182405103778452,0.6103309332777599,0.7878024954229943
