learner,target,n,st_rae,mae,r2,spearman,pred_std_over_true_std
chemberta,CYP1A2_pIC50_direct_inhibition,307,0.798952180955773,0.7466507720031857,0.21626460819871052,0.5258794663853104,0.48869396777603086
chemberta,CYP2C9_pIC50_direct_inhibition,387,0.8326637846493959,0.519823217868684,0.2176645669998708,0.4733158344337433,0.5310046597596516
chemberta,CYP2D6_pIC50_direct_inhibition,273,0.9861034460100431,0.6198749218302424,0.06677050868608625,0.34148858869769133,0.4616714318412781
chemberta,CYP3A4_pIC50_direct_inhibition,925,0.5553803990697788,0.5155057284359851,0.5616526177624952,0.7346439165877612,0.7308135400621719
chemprop_mt,CYP1A2_pIC50_direct_inhibition,307,0.7615168589013946,0.7083965292159539,0.31335943231488006,0.6106985879930888,0.7075121905114552
chemprop_mt,CYP2C9_pIC50_direct_inhibition,387,0.7132276264830796,0.4840852149822678,0.32109444781742524,0.571564536612493,0.7434615195108824
chemprop_mt,CYP2D6_pIC50_direct_inhibition,273,1.0768255481598923,0.6540962772702574,-0.10121907433285005,0.4089968104029933,0.7757375194952477
chemprop_mt,CYP3A4_pIC50_direct_inhibition,925,0.49864084459503927,0.49247756436758455,0.6070118291362308,0.7739009026698012,0.8356191672177359
chemprop_pre,CYP1A2_pIC50_direct_inhibition,307,0.7119356909200667,0.6869535145772948,0.3164409879541402,0.6100636286495646,0.6475041447370193
chemprop_pre,CYP2C9_pIC50_direct_inhibition,387,0.7016461893148651,0.47313423159552964,0.34591932852030016,0.6017157700033416,0.7043726021863913
chemprop_pre,CYP2D6_pIC50_direct_inhibition,273,0.9851955187453707,0.6211122530019227,0.03871547858035296,0.44390367039572715,0.6842160178881219
chemprop_pre,CYP3A4_pIC50_direct_inhibition,925,0.46918451185947874,0.46140440353581036,0.6332380925463246,0.7882194881762917,0.8159644068383023
chemprop_prot,CYP1A2_pIC50_direct_inhibition,307,0.7636555943177802,0.7184931898822476,0.30244939454855047,0.5845022640385737,0.6543456213543475
chemprop_prot,CYP2C9_pIC50_direct_inhibition,387,0.7360746375451046,0.48326424831707915,0.30892873941310073,0.563824813903385,0.6899791664896565
chemprop_prot,CYP2D6_pIC50_direct_inhibition,273,1.0082989044642963,0.6207868622305938,0.03871554568686497,0.42924202246872917,0.6625152072508872
chemprop_prot,CYP3A4_pIC50_direct_inhibition,925,0.5321531391657082,0.5041596859136575,0.5830340511421847,0.7560885976436733,0.8322732982678054
lgbm_fp,CYP1A2_pIC50_direct_inhibition,307,0.7782530405922065,0.7366180509349597,0.2600360246449527,0.5647683414496981,0.5657306232573742
lgbm_fp,CYP2C9_pIC50_direct_inhibition,387,0.7691733785462878,0.493274436754168,0.28010426606782124,0.5326009137025991,0.6034636373775264
lgbm_fp,CYP2D6_pIC50_direct_inhibition,273,0.9562468143610282,0.6076003861802037,0.10828875047335362,0.43442157885051835,0.5625607860594073
lgbm_fp,CYP3A4_pIC50_direct_inhibition,925,0.4700927717260596,0.46481720561389134,0.6290600424877153,0.7919347245481155,0.7889922809811526
lgbm_prot,CYP1A2_pIC50_direct_inhibition,307,0.7234320883693781,0.6999049347280067,0.3056222583868221,0.6042071551747735,0.5675837850928854
lgbm_prot,CYP2C9_pIC50_direct_inhibition,387,0.7145354446645313,0.4774340801400151,0.3311857400364093,0.5579449186317732,0.6352944276383131
lgbm_prot,CYP2D6_pIC50_direct_inhibition,273,0.9277476373452519,0.5928227990556468,0.15345989908243363,0.4676357348104879,0.5636105171630806
lgbm_prot,CYP3A4_pIC50_direct_inhibition,925,0.4756475243257882,0.46658145984729654,0.6348447220633423,0.7906594637048202,0.7955732434741648
public_lgbm,CYP1A2_pIC50_direct_inhibition,307,0.8353367122677441,0.7834907992049175,0.07696448792649768,0.49834354825732485,0.31836815506136257
public_lgbm,CYP2C9_pIC50_direct_inhibition,387,1.2619270445173911,0.7179945608423627,-0.4576530328964743,0.2892264583693063,0.3385056154891733
public_lgbm,CYP2D6_pIC50_direct_inhibition,273,1.0149312251019031,0.6357937873059104,0.008764577789776906,0.42120150762765746,0.402175668621073
public_lgbm,CYP3A4_pIC50_direct_inhibition,925,1.1263667513638644,0.9140040488947851,-0.4519036273902399,0.4260352593348099,0.24483840686991412
tabicl_svd,CYP1A2_pIC50_direct_inhibition,307,0.7576410225703736,0.7217353080558017,0.2531152796049886,0.560006768475824,0.5231726829778713
tabicl_svd,CYP2C9_pIC50_direct_inhibition,387,0.7673492243009824,0.4923783552049971,0.2971965769205125,0.5273475171314062,0.5911751335244829
tabicl_svd,CYP2D6_pIC50_direct_inhibition,273,0.8864597616738572,0.573454872472828,0.16063168691298224,0.449977351973917,0.5035165138140802
tabicl_svd,CYP3A4_pIC50_direct_inhibition,925,0.4571650587484832,0.4501328694849848,0.6517861780010707,0.7961779473226558,0.7987694427011035
chemberta [all],CYP1A2_pIC50_direct_inhibition,1412,0.8757603261497889,0.679399857733056,0.20985436096341303,0.4551834536159406,0.5214339654649858
chemberta [all],CYP2C9_pIC50_direct_inhibition,1285,0.7405877595107753,0.4932190110783188,0.3014014349337274,0.5542092270059644,0.5665499508286469
chemberta [all],CYP2D6_pIC50_direct_inhibition,1493,0.9963497262367493,0.6279014377131914,0.08380929589827524,0.287389544963576,0.41467531341042413
chemberta [all],CYP3A4_pIC50_direct_inhibition,2335,0.5733180035387782,0.5748662943914081,0.5394143523799695,0.725199116435604,0.7085367878286193
chemprop_mt [all],CYP1A2_pIC50_direct_inhibition,1412,0.9026720574952034,0.684597202764979,0.21350000259691004,0.48900101673467883,0.7206822814036067
chemprop_mt [all],CYP2C9_pIC50_direct_inhibition,1285,0.6824747921213243,0.471980707342155,0.3120051315823641,0.6224750375483752,0.8320702641143728
chemprop_mt [all],CYP2D6_pIC50_direct_inhibition,1493,1.0637100270891189,0.6551461614931485,0.042168489591708824,0.4141279847098945,0.7227073959439712
chemprop_mt [all],CYP3A4_pIC50_direct_inhibition,2335,0.5212835248667895,0.5490604265712442,0.5665839292484944,0.7628256389000762,0.8459978704199216
chemprop_pre [all],CYP1A2_pIC50_direct_inhibition,1412,0.832802407138546,0.6543973959408413,0.2580958672183036,0.510310424552352,0.6368853813027119
chemprop_pre [all],CYP2C9_pIC50_direct_inhibition,1285,0.6419895517827002,0.4552971425975047,0.4095575567752091,0.6394832002091184,0.7285330204549104
chemprop_pre [all],CYP2D6_pIC50_direct_inhibition,1493,0.9821414113271124,0.6239655613795999,0.10526584973077746,0.4164816006212251,0.608367821344031
chemprop_pre [all],CYP3A4_pIC50_direct_inhibition,2335,0.5168706322074192,0.5376285900044401,0.5802795492432784,0.766171157733811,0.8096796860993225
chemprop_prot [all],CYP1A2_pIC50_direct_inhibition,1412,0.8643013291476209,0.6662072121991254,0.2465016366446593,0.5089723213236917,0.6732071030899239
chemprop_prot [all],CYP2C9_pIC50_direct_inhibition,1285,0.6932450437565734,0.4690930757725643,0.3481155535191468,0.6107208535845529,0.75888088225206
chemprop_prot [all],CYP2D6_pIC50_direct_inhibition,1493,1.0641151664785873,0.6525955191075523,0.0725092803158065,0.3928271927983514,0.6550549380079896
chemprop_prot [all],CYP3A4_pIC50_direct_inhibition,2335,0.5536136610754121,0.5629809944848032,0.54333716699753,0.740749339492764,0.8246439094367906
lgbm_fp [all],CYP1A2_pIC50_direct_inhibition,1412,0.8376125070863103,0.6582254099437673,0.2605287386899422,0.5143555934855509,0.5633790620391325
lgbm_fp [all],CYP2C9_pIC50_direct_inhibition,1285,0.7059241504859367,0.4804577269192293,0.35021323744155686,0.5824907417812507,0.6315300817352327
lgbm_fp [all],CYP2D6_pIC50_direct_inhibition,1493,0.9738366696868023,0.6185428265325301,0.1312508329762041,0.3521285103061896,0.4876841101585284
lgbm_fp [all],CYP3A4_pIC50_direct_inhibition,2335,0.5097256884694168,0.5311476888427742,0.5974236254755013,0.7695140827525062,0.7587213724969949
lgbm_prot [all],CYP1A2_pIC50_direct_inhibition,1412,0.8144224287926723,0.6427010438155858,0.28713878214322586,0.5364250655910727,0.5697682214608922
lgbm_prot [all],CYP2C9_pIC50_direct_inhibition,1285,0.6588304196685048,0.463946844561205,0.3866663462343447,0.6107651249526563,0.6492385925450609
lgbm_prot [all],CYP2D6_pIC50_direct_inhibition,1493,0.9621798911602263,0.614121415399432,0.15290480526582562,0.4095905790055239,0.5288086943759581
lgbm_prot [all],CYP3A4_pIC50_direct_inhibition,2335,0.5073734423911327,0.5297852792149331,0.6024563923185561,0.771286918898979,0.7589659297420186
public_lgbm [all],CYP1A2_pIC50_direct_inhibition,1412,0.851509689750334,0.6787601175342373,0.1281290779128399,0.43941775953719936,0.3355608365372052
public_lgbm [all],CYP2C9_pIC50_direct_inhibition,1285,1.2427693803115298,0.7159296302883256,-0.44593899617361754,0.2520921360239482,0.3089099571107264
public_lgbm [all],CYP2D6_pIC50_direct_inhibition,1493,1.1177973119353934,0.6856035980293887,-0.07494566365296418,0.30235368640902627,0.34784088863702783
public_lgbm [all],CYP3A4_pIC50_direct_inhibition,2335,1.227965609868764,1.0411161595380225,-0.5913830941921263,0.4007255782366753,0.23214168652437928
tabicl_svd [all],CYP1A2_pIC50_direct_inhibition,1412,0.8224478321310703,0.6521517107859133,0.25188740207237814,0.4972007602839306,0.5347503244154536
tabicl_svd [all],CYP2C9_pIC50_direct_inhibition,1285,0.6577900145549119,0.46133653265003916,0.395011862982136,0.6129554209153484,0.6223108013024177
tabicl_svd [all],CYP2D6_pIC50_direct_inhibition,1493,0.9217618956064223,0.5958835623663268,0.15887472168061223,0.3918009127023439,0.4377774521675283
tabicl_svd [all],CYP3A4_pIC50_direct_inhibition,2335,0.4904505716490955,0.518504824685354,0.6084252894129062,0.7750965339328076,0.7635910265325966
stack (nested),CYP1A2_pIC50_direct_inhibition,307,0.6596676489186818,0.6649653890928212,0.35997414167268704,0.6573807491607837,0.5489477123547232
stack (nested),CYP2C9_pIC50_direct_inhibition,387,0.645607923256157,0.4550116016891868,0.3873166615613638,0.6110778469148562,0.6043537365411116
stack (nested),CYP2D6_pIC50_direct_inhibition,273,0.8495138314497569,0.5612974955958292,0.19124228778000896,0.5084540834862862,0.5002352969245438
stack (nested),CYP3A4_pIC50_direct_inhibition,925,0.4082253936600803,0.42531605223651875,0.6872908546823228,0.8247374130743462,0.7756976370266951
stack (nested) [all],CYP1A2_pIC50_direct_inhibition,1412,0.7533060507393877,0.6167757429021897,0.33512733363414526,0.5780844181219245,0.5409387740714184
stack (nested) [all],CYP2C9_pIC50_direct_inhibition,1285,0.5723012176693737,0.43559051656359676,0.4574397876531554,0.6711226258644667,0.6393879294720392
stack (nested) [all],CYP2D6_pIC50_direct_inhibition,1493,0.8821891215350762,0.5804282112175988,0.19634183830721275,0.45082854902746766,0.45029216935569544
stack (nested) [all],CYP3A4_pIC50_direct_inhibition,2335,0.4401840355340115,0.4921199288880916,0.6487837030972912,0.8071868275360694,0.7524852743795454
