mol_pred_loaded,mol_cond_loaded,sanitization,inchi_convertible,all_atoms_connected,no_radicals,bond_lengths,bond_angles,internal_steric_clash,aromatic_ring_flatness,non-aromatic_ring_non-flatness,double_bond_flatness,internal_energy,protein-ligand_maximum_distance,minimum_distance_to_protein,minimum_distance_to_organic_cofactors,minimum_distance_to_inorganic_cofactors,minimum_distance_to_waters,volume_overlap_with_protein,volume_overlap_with_organic_cofactors,volume_overlap_with_inorganic_cofactors,volume_overlap_with_waters,mol
True,True,True,True,True,True,True,True,True,True,True,True,True,True,True,True,True,True,True,True,True,True,OCNT-2395436
True,True,True,True,True,True,True,True,True,True,True,True,True,True,True,True,True,True,True,True,True,True,OCNT-2395503
True,True,True,True,True,True,True,True,True,True,True,True,True,True,True,True,True,True,True,True,True,True,OCNT-2395342
True,True,True,True,True,True,True,True,True,True,True,True,True,True,True,True,True,True,True,True,True,True,OCNT-2395712
True,True,True,True,True,True,True,True,True,True,True,True,True,True,True,True,True,True,True,True,True,True,OCNT-2313429
True,True,True,True,True,True,True,True,True,True,True,True,True,True,True,True,True,True,True,True,True,True,OCNT-2395464
True,True,True,True,True,True,True,True,True,True,True,True,True,True,True,True,True,True,True,True,True,True,OCNT-2313397
True,True,True,True,True,True,True,True,True,True,True,True,True,True,True,True,True,True,True,True,True,True,OCNT-2395415
True,True,True,True,True,True,True,True,True,True,True,True,True,True,True,True,True,True,True,True,True,True,OCNT-2395645
True,True,True,True,True,True,True,True,True,True,True,True,True,True,True,True,True,True,True,True,True,True,OCNT-2395789
True,True,True,True,True,True,True,True,True,True,True,True,True,True,True,True,True,True,True,True,True,True,OCNT-2312554
True,True,True,True,True,True,True,True,True,True,True,True,True,True,True,True,True,True,True,True,True,True,OCNT-2395457
True,True,True,True,True,True,True,True,True,True,True,True,True,True,True,True,True,True,True,True,True,True,OCNT-2313038
True,True,True,True,True,True,True,True,True,True,True,True,True,True,True,True,True,True,True,True,True,True,OCNT-2313300
True,True,True,True,True,True,True,True,True,True,True,True,True,True,True,True,True,True,True,True,True,True,OCNT-2395460
True,True,True,True,True,True,True,True,True,True,True,True,True,True,True,True,True,True,True,True,True,True,OCNT-2315379
True,True,True,True,True,True,True,True,True,True,True,True,True,True,True,True,True,True,True,True,True,True,OCNT-2535422
True,True,True,True,True,True,True,True,True,True,True,True,True,True,True,True,True,True,True,True,True,True,OCNT-2535519
True,True,True,True,True,True,True,True,True,True,True,True,True,True,True,True,True,True,True,True,True,True,OCNT-2395328
True,True,True,True,True,True,True,True,True,True,True,True,True,True,True,True,True,True,True,True,True,True,OCNT-2312966
