isoform,variant,ST_RAE,MAE,R2,Spearman
CYP1A2,baseline,0.8627144065140191,0.676861288184623,0.2112676402966962,0.46376783108731867
CYP1A2,clip_at_floor,1.131941924482815,0.8033378833044781,0.0787622530770764,0.49964663031864587
CYP1A2,in_support_only,1.1160533649140116,0.7963092702131561,0.08476196363504007,0.47970647701077856
CYP2C9,baseline,0.7298884236640643,0.4925539028735372,0.32117557167105204,0.556374700915181
CYP2C9,clip_at_floor,0.6472558434564714,0.46362320446228394,0.3815421689848385,0.6450347947051037
CYP2C9,in_support_only,0.6598292303663229,0.46888385673321137,0.3651222881200187,0.6312611735294545
CYP2D6,baseline,0.9618566295730615,0.6137135572820358,0.11593618470811773,0.327952406159993
CYP2D6,clip_at_floor,1.18479907830369,0.700915440661209,-0.02618972221743543,0.3836178748051179
CYP2D6,in_support_only,0.9660864948751625,0.6148444969188313,0.10526830705384294,0.32065256217867977
CYP3A4,baseline,0.5729229977128728,0.5847868238651683,0.5306155623556481,0.7277565301386558
CYP3A4,clip_at_floor,0.508574833966937,0.5854215854568956,0.5215421968598408,0.755669428240565
CYP3A4,in_support_only,0.5183456394930317,0.5862816550330369,0.5220636347292217,0.7520242142250604
