isoform,pseudo_weight,n_real,n_pseudo,ST_RAE,MAE,R2,Spearman
CYP1A2,0.0,1412,2963,0.8627144065140191,0.676861288184623,0.2112676402966962,0.46376783108731867
CYP1A2,0.1,1412,2963,1.4235156442043593,0.9304510220601069,-0.1651648871203939,0.5098391095579347
CYP1A2,0.3,1412,2963,1.4151042028755287,0.9253201471761491,-0.15379235043229955,0.506717229441543
CYP1A2,1.0,1412,2963,1.4476571046647857,0.94351159004411,-0.19718342094986663,0.4989844183619104
CYP2C9,0.0,1285,3090,0.7298884236640643,0.4925539028735372,0.32117557167105204,0.556374700915181
CYP2C9,0.1,1285,3090,0.6944912068529987,0.46524422353675227,0.40003406303979483,0.6443406594680638
CYP2C9,0.3,1285,3090,0.7022676565738848,0.46506120858691036,0.4002641668414053,0.6521184341667281
CYP2C9,1.0,1285,3090,0.6972275405007248,0.4616236949000117,0.3988427366277032,0.6500031472938618
CYP2D6,0.0,1493,2882,0.9618566295730615,0.6137135572820358,0.11593618470811773,0.327952406159993
CYP2D6,0.1,1493,2882,2.112253317890653,1.090355340947752,-0.9066011235260814,0.3815529467044638
CYP2D6,0.3,1493,2882,2.132014380818451,1.0984764080080107,-0.911502979079317,0.3939301993324871
CYP2D6,1.0,1493,2882,2.1489479298840113,1.1037887911237272,-0.9304921117207949,0.38152493467846393
CYP3A4,0.0,2335,2570,0.5729229977128728,0.5847868238651683,0.5306155623556481,0.7277565301386558
CYP3A4,0.1,2335,2570,0.5501990937255383,0.5685131452821487,0.5602012164469803,0.751509526528722
CYP3A4,0.3,2335,2570,0.5368087771609875,0.5623667376991848,0.5678725862502068,0.7639798859937356
CYP3A4,1.0,2335,2570,0.5394314775922776,0.5629795913304552,0.567981744791229,0.7623177294492082
