predictor,ST-RAE[st_mean],ST-RAE[st_median],ST-RAE[mae_mean],ST-RAE[mae_median],ST-RAE[none],frac_inside_CI,MAE,RAE,R2,Spearman_R,Kendall_Tau,boot_mean,boot_std,ci_low,ci_high
perfect,0.0,0.0,0.0,0.0,0.0,1.0,0.0,0.0,1.0,1.0,1.0,0.0,0.0,0.0,0.0
good,0.14376226261054847,0.1516897251367507,0.09362463824893667,0.09649541387396073,0.07123355406251253,0.6101364522417154,0.2375146529515569,0.3121734378421791,0.9089125521194119,0.9339780768615442,0.7835882351764366,0.14383902952167515,0.014440087296694852,0.11695129793268894,0.17415187427155918
mediocre,1.0271755801575533,1.0838169808399292,0.668944272050823,0.6894558483476186,0.508960876743164,0.2475633528265107,0.7662568818251326,1.0071170014018793,0.06896996269101408,0.6470885023157925,0.4680589630343627,1.028450230632088,0.07716524248920278,0.8781987502384494,1.189252172502767
mean_only,1.0,1.0551428614314293,0.6512462766572166,0.6712151862506958,0.4954954990899385,0.253411306042885,0.7608419684689307,1.0,0.0,,,1.0011682246669018,0.0191132103657966,0.970864744382029,1.0421810794197708
constant_4,1.6824082812563326,1.7751810879807395,1.0956621289854538,1.129257987853182,0.8336257309941522,0.1442495126705653,1.129795321637427,1.4849277096411417,-0.6304910016392942,,,1.6841182990587709,0.09719769193573818,1.5045583447302235,1.8971997529251772
shuffled,1.5892296535431178,1.6768643241111643,1.0349798946231938,1.0667150778980725,0.7874561403508773,0.17153996101364521,1.0642495126705653,1.3987786646577771,-1.013802415107885,-0.005416567391522989,-0.0030196966577448353,1.5916467505243082,0.08423118591665237,1.440059354959265,1.7650265676282308
err_on_low,0.19377471206997143,0.20446000416656096,0.1261950597458931,0.13006452945272082,0.09601449766811962,0.8654970760233918,0.19267802758860567,0.25324316424912585,0.7299260118786166,0.9138691247876378,0.8847178858906853,0.1948274532015996,0.025277790619367534,0.14633667621250465,0.24490576589310642
err_on_active,1.225256353145997,1.2928204944455048,0.7979436379369302,0.8224106712817385,0.6071090082151936,0.30994152046783624,0.7569620190678465,0.9949004529693704,-0.12884291948277382,0.8137916083374789,0.6501232202040532,1.2262983576607207,0.10224545162947232,1.0370997592645987,1.4470413139674756
overconf_low,0.8615124740814852,0.9090187370612083,0.561056791039314,0.5782602557479017,0.4268755533172132,0.3996101364522417,0.6642016409470285,0.8729823911838421,-0.26641819839807357,0.37723456584543036,0.30264922707944864,0.862569286227831,0.03343914926140993,0.7976848701480561,0.9252242502250589
