isoform,n,n_scaffold_groups,features,n_features,model,MAE,RMSE,R2,RAE,Spearman,Kendall,fit_seconds
CYP1A2,1571,855,ecfp4,2048,Ridge,0.9374570690028835,1.2762199938791794,-0.8282871980654101,1.2043576569341492,0.45182976541592124,0.3141496176808424,0.1
CYP1A2,1571,855,ecfp4,2048,RandomForest,0.5688554421026011,0.7460179442689246,0.37527069624675036,0.7308125673569601,0.6055771609671117,0.4355509909527566,9.4
CYP1A2,1571,855,ecfp4,2048,LightGBM,0.5531158880565137,0.729146788574765,0.40320762654182096,0.7105918521275186,0.6347601160688404,0.4583002455741521,9.5
CYP1A2,1571,855,ecfp4+rdkit2d,2265,Ridge,0.9512777695972983,1.4126111128013759,-1.2399512514035052,1.2221132077059642,0.4501979745023903,0.31320039329067484,0.4
CYP1A2,1571,855,ecfp4+rdkit2d,2265,RandomForest,0.5403510783912233,0.7075782438131435,0.4379922921353425,0.6941928118215436,0.6512097210391342,0.4732602363981549,13.7
CYP1A2,1571,855,ecfp4+rdkit2d,2265,LightGBM,0.528067185694908,0.7016816429729927,0.4473202408612915,0.6784116089110993,0.6600866233824261,0.482784302139991,17.3
CYP1A2,1571,855,ecfp6+rdkit2d+maccs,2432,Ridge,0.932749621736034,1.2613912756123569,-0.7860473800694474,1.1983099664874024,0.41283536111331465,0.28714041365565046,0.4
CYP1A2,1571,855,ecfp6+rdkit2d+maccs,2432,RandomForest,0.540447092173996,0.7091154140608077,0.43554778533616834,0.6943161614001824,0.6516257125309884,0.47379770644341995,18.0
CYP1A2,1571,855,ecfp6+rdkit2d+maccs,2432,LightGBM,0.5253461631083685,0.6978234054812078,0.453381414925362,0.6749158921522772,0.6638861883395628,0.4857038512323814,18.7
CYP1A2,1571,855,none,0,MeanPredictor,0.7790890728731253,0.945505668208877,-0.0035097660314837853,1.0009011840366098,0.0,0.0,0.0
CYP2C9,2820,1795,ecfp4,2048,Ridge,0.9785714242611636,1.3393556965248996,-2.4967610562858678,1.7997313142207854,0.254701150880559,0.17605531833255375,0.5
CYP2C9,2820,1795,ecfp4,2048,RandomForest,0.4520814236294382,0.6085070670446858,0.2782191569314445,0.8314417062583979,0.4811389209004835,0.3385410506401073,43.0
CYP2C9,2820,1795,ecfp4,2048,LightGBM,0.4387619306611897,0.5903866756668406,0.3205661293066119,0.8069452740203531,0.5111917341137399,0.3620768438207011,14.4
CYP2C9,2820,1795,ecfp4+rdkit2d,2265,Ridge,0.9526247159366545,1.2999947925790716,-2.2942558338699266,1.7520116462284063,0.26339375602875964,0.18281005850667031,1.0
CYP2C9,2820,1795,ecfp4+rdkit2d,2265,RandomForest,0.45047634861254354,0.6012724501845036,0.29527981825613914,0.8284897461888916,0.4900019517325037,0.3457428016062375,43.2
CYP2C9,2820,1795,ecfp4+rdkit2d,2265,LightGBM,0.4438053977626078,0.5920480629214787,0.31673680495815604,0.8162209236557569,0.4945641660461089,0.3485421321781378,27.3
CYP2C9,2820,1795,ecfp6+rdkit2d+maccs,2432,Ridge,0.9468594399014049,1.2503428581238367,-2.047420144047103,1.741408487829826,0.2527634682985115,0.17197848043687916,1.1
CYP2C9,2820,1795,ecfp6+rdkit2d+maccs,2432,RandomForest,0.4500378323769284,0.6010516377061833,0.2957973288667075,0.8276832527828261,0.49081157425483707,0.34540926533791033,52.9
CYP2C9,2820,1795,ecfp6+rdkit2d+maccs,2432,LightGBM,0.4415387107332953,0.5899694378635526,0.3215261283546834,0.8120521654792427,0.4967126732911334,0.3505512470991833,32.3
CYP2C9,2820,1795,none,0,MeanPredictor,0.5439486574267217,0.7165038966449369,-0.0007168481075634503,1.0003985481574393,0.0,0.0,0.0
CYP2D6,2942,1689,ecfp4,2048,Ridge,1.014683849674186,1.4004962246353418,-1.9056499532750721,1.5502396166712247,0.3218357407384055,0.2225286840594522,0.5
CYP2D6,2942,1689,ecfp4,2048,RandomForest,0.5061738850195214,0.669899435912035,0.3351883328052391,0.773335270620116,0.5752129580642017,0.40781174320035074,33.3
CYP2D6,2942,1689,ecfp4,2048,LightGBM,0.5003312101919046,0.6603269749091877,0.35405210661795383,0.7644087995936897,0.5897394093860474,0.41920450186045954,14.8
CYP2D6,2942,1689,ecfp4+rdkit2d,2265,Ridge,1.0207926947256354,1.4112640148721813,-1.9505022080454628,1.5595727440427742,0.3213056133186849,0.22248815448830875,1.1
CYP2D6,2942,1689,ecfp4+rdkit2d,2265,RandomForest,0.5097201563985447,0.6688929999338891,0.3371844167977758,0.7787532837135485,0.5795075960246932,0.41075030733809725,35.6
CYP2D6,2942,1689,ecfp4+rdkit2d,2265,LightGBM,0.4931662639101691,0.6513172770410788,0.37155886332226806,0.7534621549015186,0.6013762172550389,0.4296085257615536,29.2
CYP2D6,2942,1689,ecfp6+rdkit2d+maccs,2432,Ridge,1.0519008095100169,1.4345654566408368,-2.0487382994807954,1.6070998944494639,0.3139258647602146,0.21593653343191027,1.2
CYP2D6,2942,1689,ecfp6+rdkit2d+maccs,2432,RandomForest,0.5087007320546083,0.6684180482706016,0.33812535533044363,0.7771958015434353,0.5850703957063178,0.4144664761935911,47.1
CYP2D6,2942,1689,ecfp6+rdkit2d+maccs,2432,LightGBM,0.4928250457731645,0.6521317930733113,0.3699860647293922,0.7529408399381622,0.5995024867881039,0.42699746019365503,31.6
CYP2D6,2942,1689,none,0,MeanPredictor,0.6583490529991739,0.8253760151243983,-0.009213606568241994,1.0058293367781665,0.0,0.0,0.0
CYP3A4,5446,3056,ecfp4,2048,Ridge,0.7316547096558484,0.9794214106244858,-0.3479261241236917,1.1285568752413437,0.3962217072496956,0.2766629542349927,0.9
CYP3A4,5446,3056,ecfp4,2048,RandomForest,0.46885718229586615,0.639537604209926,0.42527634254487867,0.7231990577019233,0.592812418558997,0.4270979036418476,111.6
CYP3A4,5446,3056,ecfp4,2048,LightGBM,0.45998473032139725,0.6223635701237307,0.4557289558773241,0.7095135493003639,0.6035675629148334,0.4361818605318768,18.5
CYP3A4,5446,3056,ecfp4+rdkit2d,2265,Ridge,0.7489600378415817,1.0092029952846517,-0.4311460780051397,1.1552498587547058,0.3975759701460519,0.278082476141943,1.7
CYP3A4,5446,3056,ecfp4+rdkit2d,2265,RandomForest,0.47325834619157076,0.6459465376265519,0.4136997862992533,0.7299877296096018,0.5916012322162135,0.4264365066493444,106.9
CYP3A4,5446,3056,ecfp4+rdkit2d,2265,LightGBM,0.4609835078996446,0.6281796207979893,0.4455088879867106,0.7110541357107188,0.6025039345520952,0.4361630616371277,34.3
CYP3A4,5446,3056,ecfp6+rdkit2d+maccs,2432,Ridge,0.7405903402965271,0.9717792476581537,-0.3269731762990409,1.1423398349641052,0.3855930450562526,0.267412675713743,1.9
CYP3A4,5446,3056,ecfp6+rdkit2d+maccs,2432,RandomForest,0.4751957930680896,0.6463891417591954,0.41289604237597366,0.7329761870937869,0.5888771095768213,0.4243910196624196,132.8
CYP3A4,5446,3056,ecfp6+rdkit2d+maccs,2432,LightGBM,0.4577077811510699,0.6253177632437491,0.4505496750089212,0.7060014190470691,0.6121250055899715,0.4436463161818236,39.4
CYP3A4,5446,3056,none,0,MeanPredictor,0.6490186647684598,0.8446062502764871,-0.00238713713727301,1.0010930929822486,0.0,0.0,0.0
