regime,target,model,n,st_rae,st_rae_variance_matched,pred_std_over_true_std,r2,spearman,median_val_nn_tanimoto
scaffold,CYP1A2_pIC50_direct_inhibition,lgbm_raw,1412,0.8483845854098507,1.1311783857837003,0.5661228443688305,0.25218655402252,0.4973880047183704,0.3758116883116883
scaffold,CYP1A2_pIC50_direct_inhibition,lgbm_svd256,1412,0.8404537650524567,1.1842705453243427,0.47310281674316434,0.22105926338683468,0.474613843573927,0.3758116883116883
scaffold,CYP1A2_pIC50_direct_inhibition,knn_tanimoto,1412,1.0015096667668426,1.4223758613939546,0.47260279415422984,0.052152956332566336,0.311223570873489,0.3758116883116883
scaffold,CYP2C9_pIC50_direct_inhibition,lgbm_raw,1285,0.6993631343453274,0.902514121939092,0.6368507801666582,0.3481988817704439,0.5809205503697944,0.43243243243243246
scaffold,CYP2C9_pIC50_direct_inhibition,lgbm_svd256,1285,0.7138569009212395,0.945011270169681,0.564512847244594,0.33321918911045256,0.5640005628368107,0.43243243243243246
scaffold,CYP2C9_pIC50_direct_inhibition,knn_tanimoto,1285,1.086765161832885,1.6228839236978956,0.4190153556420557,-0.05775520864152628,0.11407957885871377,0.43243243243243246
scaffold,CYP2D6_pIC50_direct_inhibition,lgbm_raw,1493,0.9920414252789911,1.386454971957076,0.49346516572062893,0.11644896353986811,0.35847430924007045,0.3380281690140845
scaffold,CYP2D6_pIC50_direct_inhibition,lgbm_svd256,1493,0.9473393454108772,1.4058502874274843,0.38471760511406555,0.12025812984862982,0.3588194314800796,0.3380281690140845
scaffold,CYP2D6_pIC50_direct_inhibition,knn_tanimoto,1493,0.9857763359609014,1.465562194476016,0.4312112547713205,0.06940862027871042,0.31439524035133765,0.3380281690140845
scaffold,CYP3A4_pIC50_direct_inhibition,lgbm_raw,2335,0.5263416326523784,0.5937150625259965,0.7577358147989753,0.5827198035802128,0.7610324810850069,0.4444444444444444
scaffold,CYP3A4_pIC50_direct_inhibition,lgbm_svd256,2335,0.5633869880939542,0.6452131783738271,0.7088559919755443,0.5471500937748233,0.7375006953304618,0.4444444444444444
scaffold,CYP3A4_pIC50_direct_inhibition,knn_tanimoto,2335,0.9823439337634168,1.3802133966403565,0.4570002004425262,0.04528881544368246,0.2740364228997532,0.4444444444444444
random,CYP1A2_pIC50_direct_inhibition,lgbm_raw,1412,0.857461891190091,1.127781400305549,0.5757929925031127,0.23412589266917194,0.4972489748626169,0.37323383084577116
random,CYP1A2_pIC50_direct_inhibition,lgbm_svd256,1412,0.8382134175817718,1.1537386078746164,0.49345893999743684,0.23595502401667734,0.47852912653099244,0.37323383084577116
random,CYP1A2_pIC50_direct_inhibition,knn_tanimoto,1412,1.00043900710613,1.419398201833516,0.49014350099896353,0.03493168601405905,0.32259853279597117,0.37323383084577116
random,CYP2C9_pIC50_direct_inhibition,lgbm_raw,1285,0.6797310561311102,0.8667429595353228,0.6268715646012974,0.37315265028161493,0.5977721740425794,0.42028985507246375
random,CYP2C9_pIC50_direct_inhibition,lgbm_svd256,1285,0.7062087460036466,0.923321407714342,0.5617326469836535,0.34382622275775054,0.570309577777945,0.42028985507246375
random,CYP2C9_pIC50_direct_inhibition,knn_tanimoto,1285,1.069396321753577,1.6250498503689168,0.41152853293531616,-0.03995363330213242,0.12607615252176285,0.42028985507246375
random,CYP2D6_pIC50_direct_inhibition,lgbm_raw,1493,0.9855751978370625,1.4144597237422574,0.4960690267951522,0.11857511005227672,0.3489291986454797,0.34210526315789475
random,CYP2D6_pIC50_direct_inhibition,lgbm_svd256,1493,0.9354194776080706,1.405832319181823,0.37580769507503264,0.1236442127156443,0.36234445598344533,0.34210526315789475
random,CYP2D6_pIC50_direct_inhibition,knn_tanimoto,1493,0.9967564425770302,1.4998897617866442,0.4239499323490722,0.06019814755995123,0.2952388649311262,0.34210526315789475
random,CYP3A4_pIC50_direct_inhibition,lgbm_raw,2335,0.5081634146868987,0.580732841771166,0.7647818490158083,0.5961011819048394,0.7674700808338548,0.44776119402985076
random,CYP3A4_pIC50_direct_inhibition,lgbm_svd256,2335,0.552470712058852,0.6403798574002745,0.7173349822360101,0.5563515212655075,0.7425049263279087,0.44776119402985076
random,CYP3A4_pIC50_direct_inhibition,knn_tanimoto,2335,0.9558949617170858,1.338491984338189,0.48015765278452294,0.06416296088185036,0.3012472901614679,0.44776119402985076
