isoform,split,n,n_groups,MAE,RAE,R2,Spearman
CYP1A2,random,14228,8389,0.38764981206426624,0.6753929862345036,0.42487978937086035,0.6613534621344205
CYP1A2,scaffold_grouped,14228,8389,0.4167307030531631,0.7260599263337676,0.3600856568277935,0.6139414944532394
CYP1A2,analog_series_grouped,14228,13906,0.3906020719718729,0.6805366379868958,0.41451901986937134,0.6571794178080608
CYP2C9,random,18397,11838,0.4947816994588566,0.8573740039255991,0.16205238674904943,0.44041649821280887
CYP2C9,scaffold_grouped,18397,11838,0.5171254992428836,0.8960920751572055,0.10797843872587887,0.38111577977686734
CYP2C9,analog_series_grouped,18397,17974,0.49838856549868826,0.8636241000418783,0.14504728614204132,0.4339929735830244
CYP2D6,random,16033,9915,0.4730976669720196,0.7963189147048865,0.25247078558700853,0.5147790431090281
CYP2D6,scaffold_grouped,16033,9915,0.5032642774761868,0.847095412274096,0.1900646146692594,0.4508470778844175
CYP2D6,analog_series_grouped,16033,15607,0.4751863213510825,0.7998345418247035,0.2445459758402173,0.5129375589859789
CYP3A4,random,25424,14916,0.42190278265915593,0.7599449364904091,0.2957659203748716,0.5490549906186732
CYP3A4,scaffold_grouped,25424,14916,0.4476420665655024,0.8063073670727157,0.23362685318692944,0.48995454137094024
CYP3A4,analog_series_grouped,25424,24890,0.42104859915218473,0.7584063535332998,0.2886026078643842,0.5489587064930562
