isoform,n,ST_RAE,MAE,R2,Spearman,experiment
CYP1A2,1412,0.8198533016906712,0.6517448580026042,0.25056600736380286,0.5045457037977539,E1_tabicl_n_estimators_1
CYP2C9,1285,0.6826580376414573,0.4702339120779607,0.3732538539758783,0.596997995969787,E1_tabicl_n_estimators_1
CYP2D6,1493,0.931566186756728,0.5998312393391539,0.14618393254241058,0.3735323178538662,E1_tabicl_n_estimators_1
CYP3A4,2335,0.5213209283026565,0.5406414153239596,0.5849186557629202,0.7589044283991627,E1_tabicl_n_estimators_1
CYP1A2,1412,0.8081486123556877,0.6454304012413654,0.2605417458625102,0.5174313904112673,E1_tabicl_n_estimators_8
CYP2C9,1285,0.6585256002806381,0.4634154872062322,0.3914945268954637,0.6107993897513132,E1_tabicl_n_estimators_8
CYP2D6,1493,0.9243961513916037,0.5949191794712626,0.15618260971900522,0.38140628787135644,E1_tabicl_n_estimators_8
CYP3A4,2335,0.5046233058904205,0.5313825572804122,0.596239878679161,0.7665293058210686,E1_tabicl_n_estimators_8
CYP1A2,1412,0.8099349177740907,0.6452336120743347,0.26081099772407146,0.5156557545237783,E1_tabicl_n_estimators_32
CYP2C9,1285,0.6550494335036541,0.4622183577947745,0.3939442970694992,0.6123207882129134,E1_tabicl_n_estimators_32
CYP2D6,1493,0.9231809510754594,0.5942871199222138,0.15904304345606768,0.38130679654976485,E1_tabicl_n_estimators_32
CYP3A4,2335,0.502253278757768,0.5288977619817313,0.5997867306469599,0.7684736285101957,E1_tabicl_n_estimators_32
CYP1A2,1412,0.8074388510725111,0.6491131692451553,0.23473686333917132,0.48948458249809235,E2_tabicl_full_2265
CYP2C9,1285,0.7192841933635847,0.48706539479913163,0.33184389786638246,0.5675189376319467,E2_tabicl_full_2265
CYP2D6,1493,0.9338635868493023,0.6027083505315614,0.10990434114817127,0.3269054332426446,E2_tabicl_full_2265
CYP3A4,2335,0.583619400219606,0.5898133580003743,0.5173288908880611,0.7192925452466333,E2_tabicl_full_2265
